小面	点	X坐标 (mm)	Y坐标 (mm)	Z坐标 (mm)	单元数	定向变形 (mm)
0	189	-9.1749	-60.002	91.643	573	1.7173e-002
0	203	-5.7331	-60.002	93.646	573	2.4918e-002
0	194	-8.2301	-60.002	94.492	573	2.1733e-002
1	382	23.987	-60.002	136.51	597	0.11303
1	383	24.097	-60.002	137.37	597	0.11407
1	378	23.626	-60.002	137.03	597	0.11314
2	362	21.427	-60.002	139.49	597	0.11308
2	378	23.626	-60.002	137.03	597	0.11314
2	383	24.097	-60.002	137.37	597	0.11407
2	385	24.368	-60.002	140.74	597	0.11799
3	137	-17.774	-60.002	144.12	611	6.7619e-002
3	138	-17.688	-60.002	143.98	611	6.7556e-002
3	136	-17.966	-60.002	143.93	611	6.7106e-002
4	114	-20.441	-60.002	144.6	611	6.4621e-002
4	137	-17.774	-60.002	144.12	611	6.7619e-002
4	136	-17.966	-60.002	143.93	611	6.7106e-002
5	114	-20.441	-60.002	144.6	611	6.4621e-002
5	136	-17.966	-60.002	143.93	611	6.7106e-002
5	92	-22.932	-60.002	142.97	611	5.8938e-002
6	114	-20.441	-60.002	144.6	611	6.4621e-002
6	92	-22.932	-60.002	142.97	611	5.8938e-002
6	89	-23.386	-60.002	144.02	611	5.9718e-002
7	114	-20.441	-60.002	144.6	611	6.4621e-002
7	89	-23.386	-60.002	144.02	611	5.9718e-002
7	110	-21.274	-60.002	146.07	611	6.5465e-002
8	114	-20.441	-60.002	144.6	611	6.4621e-002
8	110	-21.274	-60.002	146.07	611	6.5465e-002
8	128	-19.315	-60.002	146.49	611	6.873e-002
9	114	-20.441	-60.002	144.6	611	6.4621e-002
9	128	-19.315	-60.002	146.49	611	6.873e-002
9	137	-17.774	-60.002	144.12	611	6.7619e-002
10	89	-23.386	-60.002	144.02	611	5.9718e-002
10	92	-22.932	-60.002	142.97	611	5.8938e-002
10	77	-24.656	-60.002	142.62	611	5.6011e-002
11	110	-21.274	-60.002	146.07	611	6.5465e-002
11	120	-19.84	-60.002	147.3	611	6.9115e-002
11	128	-19.315	-60.002	146.49	611	6.873e-002
12	260	6.6526	-60.002	147.08	613	0.10357
12	264	7.0831	-60.002	147.03	613	0.10405
12	265	7.1368	-60.002	147.37	613	0.10453
13	290	10.85	-60.002	149.26	613	0.11137
13	295	11.279	-60.002	145.9	613	0.1079
13	264	7.0831	-60.002	147.03	613	0.10405
13	265	7.1368	-60.002	147.37	613	0.10453
14	481	33.471	-60.002	120.3	626	0.10773
14	462	31.738	-60.002	118.18	626	0.10348
14	460	31.64	-60.002	121.73	626	0.10693
15	481	33.471	-60.002	120.3	626	0.10773
15	460	31.64	-60.002	121.73	626	0.10693
15	485	33.658	-60.002	122.76	626	0.11042
16	481	33.471	-60.002	120.3	626	0.10773
16	485	33.658	-60.002	122.76	626	0.11042
16	497	34.994	-60.002	120.83	626	0.11013
17	481	33.471	-60.002	120.3	626	0.10773
17	497	34.994	-60.002	120.83	626	0.11013
17	498	35.008	-60.002	120.34	626	0.10966
18	481	33.471	-60.002	120.3	626	0.10773
18	498	35.008	-60.002	120.34	626	0.10966
18	488	33.791	-60.002	117.95	626	0.1058
19	481	33.471	-60.002	120.3	626	0.10773
19	488	33.791	-60.002	117.95	626	0.1058
19	462	31.738	-60.002	118.18	626	0.10348
20	504	36.918	-60.002	122.44	626	0.11406
20	506	36.999	-60.002	119.49	626	0.11126
20	498	35.008	-60.002	120.34	626	0.10966
20	497	34.994	-60.002	120.83	626	0.11013
21	503	36.749	-60.002	124.32	626	0.11572
21	485	33.658	-60.002	122.76	626	0.11042
21	497	34.994	-60.002	120.83	626	0.11013
21	504	36.918	-60.002	122.44	626	0.11406
22	505	36.934	-60.002	117.6	626	0.10933
22	488	33.791	-60.002	117.95	626	0.1058
22	498	35.008	-60.002	120.34	626	0.10966
22	506	36.999	-60.002	119.49	626	0.11126
23	452	31.053	-60.002	129.29	651	0.11397
23	464	31.83	-60.002	131.25	651	0.11689
23	471	32.59	-60.002	129.22	651	0.1157
24	480	33.466	-60.002	135.36	651	0.12303
24	491	34.237	-60.002	133.63	651	0.12216
24	476	32.779	-60.002	133.6	651	0.12043
25	501	35.822	-60.002	129.06	651	0.11936
25	493	34.453	-60.002	129.13	651	0.11781
25	499	35.27	-60.002	130.87	651	0.12055
26	482	33.527	-60.002	131.28	651	0.11892
26	471	32.59	-60.002	129.22	651	0.1157
26	464	31.83	-60.002	131.25	651	0.11689
27	482	33.527	-60.002	131.28	651	0.11892
27	464	31.83	-60.002	131.25	651	0.11689
27	476	32.779	-60.002	133.6	651	0.12043
28	482	33.527	-60.002	131.28	651	0.11892
28	476	32.779	-60.002	133.6	651	0.12043
28	491	34.237	-60.002	133.63	651	0.12216
29	482	33.527	-60.002	131.28	651	0.11892
29	491	34.237	-60.002	133.63	651	0.12216
29	499	35.27	-60.002	130.87	651	0.12055
30	482	33.527	-60.002	131.28	651	0.11892
30	499	35.27	-60.002	130.87	651	0.12055
30	493	34.453	-60.002	129.13	651	0.11781
31	482	33.527	-60.002	131.28	651	0.11892
31	493	34.453	-60.002	129.13	651	0.11781
31	471	32.59	-60.002	129.22	651	0.1157
32	323	15.77	-60.002	91.756	655	5.5896e-002
32	327	16.622	-60.002	94.271	655	5.95e-002
32	309	13.651	-60.002	92.87	655	5.3834e-002
33	323	15.77	-60.002	91.756	655	5.5896e-002
33	309	13.651	-60.002	92.87	655	5.3834e-002
33	314	14.202	-60.002	90.104	655	5.205e-002
34	323	15.77	-60.002	91.756	655	5.5896e-002
34	314	14.202	-60.002	90.104	655	5.205e-002
34	319	14.654	-60.002	90.028	655	5.2645e-002
35	323	15.77	-60.002	91.756	655	5.5896e-002
35	319	14.654	-60.002	90.028	655	5.2645e-002
35	330	17.608	-60.002	91.422	655	5.8255e-002
36	323	15.77	-60.002	91.756	655	5.5896e-002
36	330	17.608	-60.002	91.422	655	5.8255e-002
36	332	17.883	-60.002	91.841	655	5.9041e-002
37	323	15.77	-60.002	91.756	655	5.5896e-002
37	332	17.883	-60.002	91.841	655	5.9041e-002
37	327	16.622	-60.002	94.271	655	5.95e-002
38	326	16.445	-60.002	89.822	655	5.5077e-002
38	342	19.114	-60.002	89.47	655	5.8615e-002
38	320	14.741	-60.002	87.406	655	5.0342e-002
39	326	16.445	-60.002	89.822	655	5.5077e-002
39	320	14.741	-60.002	87.406	655	5.0342e-002
39	315	14.345	-60.002	89.393	655	5.1598e-002
40	326	16.445	-60.002	89.822	655	5.5077e-002
40	315	14.345	-60.002	89.393	655	5.1598e-002
40	319	14.654	-60.002	90.028	655	5.2645e-002
41	326	16.445	-60.002	89.822	655	5.5077e-002
41	319	14.654	-60.002	90.028	655	5.2645e-002
41	330	17.608	-60.002	91.422	655	5.8255e-002
42	326	16.445	-60.002	89.822	655	5.5077e-002
42	330	17.608	-60.002	91.422	655	5.8255e-002
42	336	18.208	-60.002	91.216	655	5.8927e-002
43	326	16.445	-60.002	89.822	655	5.5077e-002
43	336	18.208	-60.002	91.216	655	5.8927e-002
43	342	19.114	-60.002	89.47	655	5.8615e-002
44	319	14.654	-60.002	90.028	655	5.2645e-002
44	314	14.202	-60.002	90.104	655	5.205e-002
44	315	14.345	-60.002	89.393	655	5.1598e-002
45	330	17.608	-60.002	91.422	655	5.8255e-002
45	336	18.208	-60.002	91.216	655	5.8927e-002
45	332	17.883	-60.002	91.841	655	5.9041e-002
46	178	-11.013	-60.002	95.801	657	1.8584e-002
46	189	-9.1749	-60.002	91.643	657	1.7173e-002
46	194	-8.2301	-60.002	94.492	657	2.1733e-002
47	328	16.853	-60.002	145.98	676	0.11476
47	353	20.472	-60.002	145.25	676	0.11827
47	351	20.327	-60.002	144.98	676	0.11779
48	328	16.853	-60.002	145.98	676	0.11476
48	351	20.327	-60.002	144.98	676	0.11779
48	318	14.487	-60.002	144.8	676	0.11056
49	328	16.853	-60.002	145.98	676	0.11476
49	318	14.487	-60.002	144.8	676	0.11056
49	313	14.098	-60.002	145.04	676	0.11036
50	328	16.853	-60.002	145.98	676	0.11476
50	313	14.098	-60.002	145.04	676	0.11036
50	321	15.607	-60.002	147.88	676	0.11547
51	328	16.853	-60.002	145.98	676	0.11476
51	321	15.607	-60.002	147.88	676	0.11547
51	325	16.127	-60.002	147.92	676	0.11613
52	328	16.853	-60.002	145.98	676	0.11476
52	325	16.127	-60.002	147.92	676	0.11613
52	353	20.472	-60.002	145.25	676	0.11827
53	313	14.098	-60.002	145.04	676	0.11036
53	318	14.487	-60.002	144.8	676	0.11056
53	312	13.96	-60.002	144.77	676	0.10989
54	353	20.472	-60.002	145.25	676	0.11827
54	360	20.835	-60.002	145.	676	0.11842
54	351	20.327	-60.002	144.98	676	0.11779
55	325	16.127	-60.002	147.92	676	0.11613
55	321	15.607	-60.002	147.88	676	0.11547
55	322	15.739	-60.002	148.13	676	0.11591
56	235	0.89041	-60.002	92.546	688	3.4313e-002
56	238	1.794	-60.002	89.626	688	3.2832e-002
56	252	5.0726	-60.002	92.698	688	4.0921e-002
57	182	-10.649	-60.002	149.24	697	8.4064e-002
57	184	-10.607	-60.002	151.52	697	8.7154e-002
57	166	-12.907	-60.002	147.44	697	7.864e-002
58	175	-11.265	-60.002	147.22	697	8.0538e-002
58	190	-8.9193	-60.002	147.98	697	8.4701e-002
58	179	-10.813	-60.002	144.21	697	7.7151e-002
59	175	-11.265	-60.002	147.22	697	8.0538e-002
59	179	-10.813	-60.002	144.21	697	7.7151e-002
59	164	-13.037	-60.002	147.21	697	7.816e-002
60	175	-11.265	-60.002	147.22	697	8.0538e-002
60	164	-13.037	-60.002	147.21	697	7.816e-002
60	166	-12.907	-60.002	147.44	697	7.864e-002
61	175	-11.265	-60.002	147.22	697	8.0538e-002
61	166	-12.907	-60.002	147.44	697	7.864e-002
61	182	-10.649	-60.002	149.24	697	8.4064e-002
62	175	-11.265	-60.002	147.22	697	8.0538e-002
62	182	-10.649	-60.002	149.24	697	8.4064e-002
62	190	-8.9193	-60.002	147.98	697	8.4701e-002
63	188	-9.3645	-60.002	150.74	697	8.7757e-002
63	184	-10.607	-60.002	151.52	697	8.7154e-002
63	186	-9.7902	-60.002	152.93	697	9.0108e-002
64	188	-9.3645	-60.002	150.74	697	8.7757e-002
64	186	-9.7902	-60.002	152.93	697	9.0108e-002
64	198	-6.8572	-60.002	152.03	697	9.2771e-002
65	188	-9.3645	-60.002	150.74	697	8.7757e-002
65	198	-6.8572	-60.002	152.03	697	9.2771e-002
65	190	-8.9193	-60.002	147.98	697	8.4701e-002
66	188	-9.3645	-60.002	150.74	697	8.7757e-002
66	190	-8.9193	-60.002	147.98	697	8.4701e-002
66	182	-10.649	-60.002	149.24	697	8.4064e-002
67	188	-9.3645	-60.002	150.74	697	8.7757e-002
67	182	-10.649	-60.002	149.24	697	8.4064e-002
67	184	-10.607	-60.002	151.52	697	8.7154e-002
68	489	33.916	-60.002	126.73	718	0.1147
68	503	36.749	-60.002	124.32	718	0.11572
68	485	33.658	-60.002	122.76	718	0.11042
68	470	32.499	-60.002	123.54	718	0.10979
69	460	31.64	-60.002	121.73	718	0.10693
69	485	33.658	-60.002	122.76	718	0.11042
69	470	32.499	-60.002	123.54	718	0.10979
70	403	26.55	-60.002	136.77	732	0.11638
70	382	23.987	-60.002	136.51	732	0.11303
70	420	28.486	-60.002	135.37	732	0.11721
71	403	26.55	-60.002	136.77	732	0.11638
71	420	28.486	-60.002	135.37	732	0.11721
71	428	29.071	-60.002	136.33	732	0.1189
72	403	26.55	-60.002	136.77	732	0.11638
72	428	29.071	-60.002	136.33	732	0.1189
72	406	27.111	-60.002	138.29	732	0.11863
73	403	26.55	-60.002	136.77	732	0.11638
73	406	27.111	-60.002	138.29	732	0.11863
73	383	24.097	-60.002	137.37	732	0.11407
74	403	26.55	-60.002	136.77	732	0.11638
74	383	24.097	-60.002	137.37	732	0.11407
74	382	23.987	-60.002	136.51	732	0.11303
75	424	28.72	-60.002	138.54	732	0.1208
75	430	29.135	-60.002	139.9	732	0.12272
75	451	31.048	-60.002	139.54	732	0.12459
76	424	28.72	-60.002	138.54	732	0.1208
76	451	31.048	-60.002	139.54	732	0.12459
76	428	29.071	-60.002	136.33	732	0.1189
77	424	28.72	-60.002	138.54	732	0.1208
77	428	29.071	-60.002	136.33	732	0.1189
77	406	27.111	-60.002	138.29	732	0.11863
78	424	28.72	-60.002	138.54	732	0.1208
78	406	27.111	-60.002	138.29	732	0.11863
78	408	27.235	-60.002	138.64	732	0.11915
79	424	28.72	-60.002	138.54	732	0.1208
79	408	27.235	-60.002	138.64	732	0.11915
79	430	29.135	-60.002	139.9	732	0.12272
80	400	26.469	-60.002	140.37	732	0.12007
80	408	27.235	-60.002	138.64	732	0.11915
80	430	29.135	-60.002	139.9	732	0.12272
81	395	25.856	-60.002	139.08	732	0.11798
81	408	27.235	-60.002	138.64	732	0.11915
81	400	26.469	-60.002	140.37	732	0.12007
82	395	25.856	-60.002	139.08	732	0.11798
82	400	26.469	-60.002	140.37	732	0.12007
82	385	24.368	-60.002	140.74	732	0.11799
83	395	25.856	-60.002	139.08	732	0.11798
83	385	24.368	-60.002	140.74	732	0.11799
83	383	24.097	-60.002	137.37	732	0.11407
84	395	25.856	-60.002	139.08	732	0.11798
84	383	24.097	-60.002	137.37	732	0.11407
84	406	27.111	-60.002	138.29	732	0.11863
85	395	25.856	-60.002	139.08	732	0.11798
85	406	27.111	-60.002	138.29	732	0.11863
85	408	27.235	-60.002	138.64	732	0.11915
86	163	-13.15	-60.002	147.32	741	7.8163e-002
86	166	-12.907	-60.002	147.44	741	7.864e-002
86	164	-13.037	-60.002	147.21	741	7.816e-002
87	173	-11.546	-60.002	152.23	741	8.6878e-002
87	186	-9.7902	-60.002	152.93	741	9.0108e-002
87	183	-10.607	-60.002	151.52	741	8.7154e-002
88	165	-12.932	-60.002	149.81	741	8.1798e-002
88	173	-11.546	-60.002	152.23	741	8.6878e-002
88	183	-10.607	-60.002	151.52	741	8.7154e-002
89	165	-12.932	-60.002	149.81	741	8.1798e-002
89	183	-10.607	-60.002	151.52	741	8.7154e-002
89	166	-12.907	-60.002	147.44	741	7.864e-002
90	165	-12.932	-60.002	149.81	741	8.1798e-002
90	166	-12.907	-60.002	147.44	741	7.864e-002
90	163	-13.15	-60.002	147.32	741	7.8163e-002
91	165	-12.932	-60.002	149.81	741	8.1798e-002
91	163	-13.15	-60.002	147.32	741	7.8163e-002
91	156	-15.17	-60.002	149.36	741	7.8224e-002
92	165	-12.932	-60.002	149.81	741	8.1798e-002
92	156	-15.17	-60.002	149.36	741	7.8224e-002
92	159	-14.211	-60.002	150.97	741	8.1669e-002
93	165	-12.932	-60.002	149.81	741	8.1798e-002
93	159	-14.211	-60.002	150.97	741	8.1669e-002
93	173	-11.546	-60.002	152.23	741	8.6878e-002
94	150	-15.866	-60.002	150.06	741	7.823e-002
94	159	-14.211	-60.002	150.97	741	8.1669e-002
94	156	-15.17	-60.002	149.36	741	7.8224e-002
95	179	-10.813	-60.002	144.21	743	7.7151e-002
95	202	-5.7595	-60.002	146.37	743	8.6768e-002
95	200	-6.1173	-60.002	148.32	743	8.8823e-002
95	191	-8.9193	-60.002	147.98	743	8.4701e-002
96	208	-4.1851	-60.002	148.43	743	9.1498e-002
96	219	-2.2841	-60.002	150.35	743	9.6434e-002
96	209	-4.0661	-60.002	146.6	743	8.9304e-002
97	208	-4.1851	-60.002	148.43	743	9.1498e-002
97	209	-4.0661	-60.002	146.6	743	8.9304e-002
97	202	-5.7595	-60.002	146.37	743	8.6768e-002
98	208	-4.1851	-60.002	148.43	743	9.1498e-002
98	202	-5.7595	-60.002	146.37	743	8.6768e-002
98	200	-6.1173	-60.002	148.32	743	8.8823e-002
99	208	-4.1851	-60.002	148.43	743	9.1498e-002
99	200	-6.1173	-60.002	148.32	743	8.8823e-002
99	214	-2.6984	-60.002	150.51	743	9.6109e-002
100	208	-4.1851	-60.002	148.43	743	9.1498e-002
100	214	-2.6984	-60.002	150.51	743	9.6109e-002
100	219	-2.2841	-60.002	150.35	743	9.6434e-002
101	198	-6.8572	-60.002	152.03	743	9.2771e-002
101	191	-8.9193	-60.002	147.98	743	8.4701e-002
101	200	-6.1173	-60.002	148.32	743	8.8823e-002
101	214	-2.6984	-60.002	150.51	743	9.6109e-002
102	65	-26.136	-60.002	130.05	774	3.6493e-002
102	45	-27.797	-60.002	131.06	774	3.5338e-002
102	42	-28.343	-60.002	129.31	774	3.2071e-002
103	15	-30.554	-60.002	132.73	774	3.3497e-002
103	45	-27.797	-60.002	131.06	774	3.5338e-002
103	42	-28.343	-60.002	129.31	774	3.2071e-002
103	7	-31.998	-60.002	128.11	774	2.4727e-002
104	462	31.738	-60.002	118.18	775	0.10348
104	437	29.529	-60.002	119.56	775	0.10216
104	460	31.64	-60.002	121.73	775	0.10693
105	385	24.368	-60.002	140.74	778	0.11799
105	391	25.125	-60.002	142.	778	0.12024
105	399	26.469	-60.002	140.37	778	0.12007
106	404	26.777	-60.002	144.73	778	0.12514
106	415	28.066	-60.002	143.35	778	0.12516
106	397	26.093	-60.002	143.59	778	0.12311
107	451	31.048	-60.002	139.54	778	0.12459
107	431	29.135	-60.002	139.9	778	0.12272
107	440	29.94	-60.002	141.07	778	0.12491
108	411	27.471	-60.002	141.71	778	0.1227
108	399	26.469	-60.002	140.37	778	0.12007
108	391	25.125	-60.002	142.	778	0.12024
109	411	27.471	-60.002	141.71	778	0.1227
109	391	25.125	-60.002	142.	778	0.12024
109	397	26.093	-60.002	143.59	778	0.12311
110	411	27.471	-60.002	141.71	778	0.1227
110	397	26.093	-60.002	143.59	778	0.12311
110	415	28.066	-60.002	143.35	778	0.12516
111	411	27.471	-60.002	141.71	778	0.1227
111	415	28.066	-60.002	143.35	778	0.12516
111	440	29.94	-60.002	141.07	778	0.12491
112	411	27.471	-60.002	141.71	778	0.1227
112	440	29.94	-60.002	141.07	778	0.12491
112	431	29.135	-60.002	139.9	778	0.12272
113	411	27.471	-60.002	141.71	778	0.1227
113	431	29.135	-60.002	139.9	778	0.12272
113	399	26.469	-60.002	140.37	778	0.12007
114	484	33.527	-60.002	116.05	823	0.10358
114	487	33.791	-60.002	117.95	823	0.1058
114	462	31.738	-60.002	118.18	823	0.10348
115	505	36.934	-60.002	117.6	823	0.10933
115	487	33.791	-60.002	117.95	823	0.1058
115	484	33.527	-60.002	116.05	823	0.10358
115	502	36.27	-60.002	112.81	823	0.10391
116	198	-6.8572	-60.002	152.03	826	9.2771e-002
116	205	-5.1367	-60.002	154.24	826	9.7761e-002
116	215	-2.6133	-60.002	150.8	826	9.6578e-002
116	214	-2.6984	-60.002	150.51	826	9.6109e-002
117	219	-2.2841	-60.002	150.35	826	9.6434e-002
117	215	-2.6133	-60.002	150.8	826	9.6578e-002
117	214	-2.6984	-60.002	150.51	826	9.6109e-002
118	53	-26.967	-60.002	127.94	828	3.2293e-002
118	65	-26.136	-60.002	130.05	828	3.6493e-002
118	86	-24.139	-60.002	128.26	828	3.7102e-002
119	53	-26.967	-60.002	127.94	828	3.2293e-002
119	86	-24.139	-60.002	128.26	828	3.7102e-002
119	56	-26.803	-60.002	126.05	828	2.9929e-002
120	53	-26.967	-60.002	127.94	828	3.2293e-002
120	56	-26.803	-60.002	126.05	828	2.9929e-002
120	49	-27.72	-60.002	126.42	828	2.9015e-002
121	53	-26.967	-60.002	127.94	828	3.2293e-002
121	49	-27.72	-60.002	126.42	828	2.9015e-002
121	37	-28.658	-60.002	127.54	828	2.9121e-002
122	53	-26.967	-60.002	127.94	828	3.2293e-002
122	37	-28.658	-60.002	127.54	828	2.9121e-002
122	41	-28.343	-60.002	129.31	828	3.2071e-002
123	53	-26.967	-60.002	127.94	828	3.2293e-002
123	41	-28.343	-60.002	129.31	828	3.2071e-002
123	65	-26.136	-60.002	130.05	828	3.6493e-002
124	26	-29.043	-60.002	125.94	828	2.6294e-002
124	11	-31.331	-60.002	127.13	828	2.4391e-002
124	25	-29.12	-60.002	123.99	828	2.3445e-002
125	26	-29.043	-60.002	125.94	828	2.6294e-002
125	25	-29.12	-60.002	123.99	828	2.3445e-002
125	40	-28.387	-60.002	124.63	828	2.5494e-002
126	26	-29.043	-60.002	125.94	828	2.6294e-002
126	40	-28.387	-60.002	124.63	828	2.5494e-002
126	49	-27.72	-60.002	126.42	828	2.9015e-002
127	26	-29.043	-60.002	125.94	828	2.6294e-002
127	49	-27.72	-60.002	126.42	828	2.9015e-002
127	37	-28.658	-60.002	127.54	828	2.9121e-002
128	26	-29.043	-60.002	125.94	828	2.6294e-002
128	37	-28.658	-60.002	127.54	828	2.9121e-002
128	11	-31.331	-60.002	127.13	828	2.4391e-002
129	49	-27.72	-60.002	126.42	828	2.9015e-002
129	56	-26.803	-60.002	126.05	828	2.9929e-002
129	40	-28.387	-60.002	124.63	828	2.5494e-002
130	7	-31.998	-60.002	128.11	828	2.4727e-002
130	41	-28.343	-60.002	129.31	828	3.2071e-002
130	37	-28.658	-60.002	127.54	828	2.9121e-002
130	11	-31.331	-60.002	127.13	828	2.4391e-002
131	195	-7.9584	-60.002	86.473	856	1.4003e-002
131	212	-3.2396	-60.002	85.416	856	2.0689e-002
131	207	-4.2684	-60.002	88.717	856	2.2317e-002
132	72	-25.441	-60.002	119.25	893	2.281e-002
132	34	-28.739	-60.002	118.01	893	1.5925e-002
132	27	-28.976	-60.002	120.58	893	1.8987e-002
132	68	-25.943	-60.002	119.88	893	2.2835e-002
133	17	-30.248	-60.002	120.12	893	1.6355e-002
133	0	-32.92	-60.002	121.46	893	1.3988e-002
133	21	-29.582	-60.002	117.7	893	1.4169e-002
134	17	-30.248	-60.002	120.12	893	1.6355e-002
134	21	-29.582	-60.002	117.7	893	1.4169e-002
134	34	-28.739	-60.002	118.01	893	1.5925e-002
135	17	-30.248	-60.002	120.12	893	1.6355e-002
135	34	-28.739	-60.002	118.01	893	1.5925e-002
135	27	-28.976	-60.002	120.58	893	1.8987e-002
136	17	-30.248	-60.002	120.12	893	1.6355e-002
136	27	-28.976	-60.002	120.58	893	1.8987e-002
136	24	-29.238	-60.002	120.9	893	1.9007e-002
137	17	-30.248	-60.002	120.12	893	1.6355e-002
137	24	-29.238	-60.002	120.9	893	1.9007e-002
137	5	-32.034	-60.002	122.06	893	1.6218e-002
138	17	-30.248	-60.002	120.12	893	1.6355e-002
138	5	-32.034	-60.002	122.06	893	1.6218e-002
138	0	-32.92	-60.002	121.46	893	1.3988e-002
139	68	-25.943	-60.002	119.88	893	2.2835e-002
139	33	-28.807	-60.002	123.59	893	2.3379e-002
139	24	-29.238	-60.002	120.9	893	1.9007e-002
139	27	-28.976	-60.002	120.58	893	1.8987e-002
140	5	-32.034	-60.002	122.06	893	1.6218e-002
140	25	-29.12	-60.002	123.99	893	2.3445e-002
140	33	-28.807	-60.002	123.59	893	2.3379e-002
140	24	-29.238	-60.002	120.9	893	1.9007e-002
141	231	3.6693e-002	-60.002	151.26	895	0.10052
141	219	-2.2841	-60.002	150.35	895	9.6434e-002
141	245	3.0062	-60.002	150.94	895	0.10382
142	231	3.6693e-002	-60.002	151.26	895	0.10052
142	245	3.0062	-60.002	150.94	895	0.10382
142	242	2.8369	-60.002	151.4	895	0.10419
143	231	3.6693e-002	-60.002	151.26	895	0.10052
143	242	2.8369	-60.002	151.4	895	0.10419
143	227	-0.76216	-60.002	152.81	895	0.10148
144	231	3.6693e-002	-60.002	151.26	895	0.10052
144	227	-0.76216	-60.002	152.81	895	0.10148
144	215	-2.6133	-60.002	150.8	895	9.6578e-002
145	231	3.6693e-002	-60.002	151.26	895	0.10052
145	215	-2.6133	-60.002	150.8	895	9.6578e-002
145	219	-2.2841	-60.002	150.35	895	9.6434e-002
146	232	0.44466	-60.002	153.49	895	0.10384
146	228	-0.34624	-60.002	154.89	895	0.10464
146	236	1.5413	-60.002	154.98	895	0.10711
147	232	0.44466	-60.002	153.49	895	0.10384
147	236	1.5413	-60.002	154.98	895	0.10711
147	242	2.8369	-60.002	151.4	895	0.10419
148	232	0.44466	-60.002	153.49	895	0.10384
148	242	2.8369	-60.002	151.4	895	0.10419
148	227	-0.76216	-60.002	152.81	895	0.10148
149	232	0.44466	-60.002	153.49	895	0.10384
149	227	-0.76216	-60.002	152.81	895	0.10148
149	224	-1.0464	-60.002	153.35	895	0.1018
150	232	0.44466	-60.002	153.49	895	0.10384
150	224	-1.0464	-60.002	153.35	895	0.1018
150	228	-0.34624	-60.002	154.89	895	0.10464
151	211	-3.275	-60.002	154.56	895	0.10054
151	224	-1.0464	-60.002	153.35	895	0.1018
151	228	-0.34624	-60.002	154.89	895	0.10464
152	217	-2.5667	-60.002	153.15	895	9.9631e-002
152	224	-1.0464	-60.002	153.35	895	0.1018
152	211	-3.275	-60.002	154.56	895	0.10054
153	217	-2.5667	-60.002	153.15	895	9.9631e-002
153	211	-3.275	-60.002	154.56	895	0.10054
153	205	-5.1367	-60.002	154.24	895	9.7761e-002
154	217	-2.5667	-60.002	153.15	895	9.9631e-002
154	205	-5.1367	-60.002	154.24	895	9.7761e-002
154	215	-2.6133	-60.002	150.8	895	9.6578e-002
155	217	-2.5667	-60.002	153.15	895	9.9631e-002
155	215	-2.6133	-60.002	150.8	895	9.6578e-002
155	227	-0.76216	-60.002	152.81	895	0.10148
156	217	-2.5667	-60.002	153.15	895	9.9631e-002
156	227	-0.76216	-60.002	152.81	895	0.10148
156	224	-1.0464	-60.002	153.35	895	0.1018
157	263	7.0257	-60.002	88.523	941	3.9894e-002
157	248	3.469	-60.002	85.046	941	3.1035e-002
157	272	8.2755	-60.002	85.578	941	3.8952e-002
158	309	13.651	-60.002	92.87	955	5.3834e-002
158	327	16.622	-60.002	94.271	955	5.95e-002
158	317	14.384	-60.002	95.43	955	5.7324e-002
159	277	8.8201	-60.002	90.799	989	4.4738e-002
159	267	7.3897	-60.002	89.564	989	4.1434e-002
159	274	8.7038	-60.002	93.321	989	4.6852e-002
160	277	8.8201	-60.002	90.799	989	4.4738e-002
160	274	8.7038	-60.002	93.321	989	4.6852e-002
160	282	9.6519	-60.002	91.016	989	4.6182e-002
161	277	8.8201	-60.002	90.799	989	4.4738e-002
161	282	9.6519	-60.002	91.016	989	4.6182e-002
161	281	9.6338	-60.002	90.945	989	4.609e-002
162	277	8.8201	-60.002	90.799	989	4.4738e-002
162	281	9.6338	-60.002	90.945	989	4.609e-002
162	275	8.7214	-60.002	89.15	989	4.3057e-002
163	277	8.8201	-60.002	90.799	989	4.4738e-002
163	275	8.7214	-60.002	89.15	989	4.3057e-002
163	267	7.3897	-60.002	89.564	989	4.1434e-002
164	278	9.4788	-60.002	89.173	989	4.422e-002
164	276	8.7424	-60.002	86.153	989	4.0227e-002
164	288	10.629	-60.002	88.639	989	4.5453e-002
165	278	9.4788	-60.002	89.173	989	4.422e-002
165	288	10.629	-60.002	88.639	989	4.5453e-002
165	283	9.6676	-60.002	90.977	989	4.617e-002
166	278	9.4788	-60.002	89.173	989	4.422e-002
166	283	9.6676	-60.002	90.977	989	4.617e-002
166	281	9.6338	-60.002	90.945	989	4.609e-002
167	278	9.4788	-60.002	89.173	989	4.422e-002
167	281	9.6338	-60.002	90.945	989	4.609e-002
167	275	8.7214	-60.002	89.15	989	4.3057e-002
168	278	9.4788	-60.002	89.173	989	4.422e-002
168	275	8.7214	-60.002	89.15	989	4.3057e-002
168	276	8.7424	-60.002	86.153	989	4.0227e-002
169	281	9.6338	-60.002	90.945	989	4.609e-002
169	282	9.6519	-60.002	91.016	989	4.6182e-002
169	283	9.6676	-60.002	90.977	989	4.617e-002
170	270	8.0309	-60.002	87.793	989	4.0725e-002
170	276	8.7424	-60.002	86.153	989	4.0227e-002
170	272	8.2755	-60.002	85.578	989	3.8952e-002
171	270	8.0309	-60.002	87.793	989	4.0725e-002
171	272	8.2755	-60.002	85.578	989	3.8952e-002
171	263	7.0257	-60.002	88.523	989	3.9894e-002
172	270	8.0309	-60.002	87.793	989	4.0725e-002
172	263	7.0257	-60.002	88.523	989	3.9894e-002
172	267	7.3897	-60.002	89.564	989	4.1434e-002
173	270	8.0309	-60.002	87.793	989	4.0725e-002
173	267	7.3897	-60.002	89.564	989	4.1434e-002
173	275	8.7214	-60.002	89.15	989	4.3057e-002
174	270	8.0309	-60.002	87.793	989	4.0725e-002
174	275	8.7214	-60.002	89.15	989	4.3057e-002
174	276	8.7424	-60.002	86.153	989	4.0227e-002
175	392	25.369	-60.002	101.91	1018	7.9164e-002
175	393	25.502	-60.002	104.18	1018	8.1524e-002
175	409	27.348	-60.002	104.61	1018	8.4431e-002
176	204	-5.2302	-60.002	91.913	1019	2.3964e-002
176	201	-5.9002	-60.002	90.59	1019	2.1526e-002
176	206	-4.7304	-60.002	90.269	1019	2.3116e-002
177	196	-7.5804	-60.002	89.593	1019	1.7747e-002
177	192	-8.7782	-60.002	89.962	1019	1.6125e-002
177	193	-8.316	-60.002	87.962	1019	1.4886e-002
178	199	-6.459	-60.002	88.934	1019	1.8941e-002
178	206	-4.7304	-60.002	90.269	1019	2.3116e-002
178	207	-4.2684	-60.002	88.717	1019	2.2317e-002
179	199	-6.459	-60.002	88.934	1019	1.8941e-002
179	207	-4.2684	-60.002	88.717	1019	2.2317e-002
179	195	-7.9584	-60.002	86.473	1019	1.4003e-002
180	199	-6.459	-60.002	88.934	1019	1.8941e-002
180	195	-7.9584	-60.002	86.473	1019	1.4003e-002
180	193	-8.316	-60.002	87.962	1019	1.4886e-002
181	199	-6.459	-60.002	88.934	1019	1.8941e-002
181	193	-8.316	-60.002	87.962	1019	1.4886e-002
181	196	-7.5804	-60.002	89.593	1019	1.7747e-002
182	199	-6.459	-60.002	88.934	1019	1.8941e-002
182	196	-7.5804	-60.002	89.593	1019	1.7747e-002
182	201	-5.9002	-60.002	90.59	1019	2.1526e-002
183	199	-6.459	-60.002	88.934	1019	1.8941e-002
183	201	-5.9002	-60.002	90.59	1019	2.1526e-002
183	206	-4.7304	-60.002	90.269	1019	2.3116e-002
184	197	-7.0662	-60.002	91.225	1019	2.025e-002
184	192	-8.7782	-60.002	89.962	1019	1.6125e-002
184	189	-9.1749	-60.002	91.643	1019	1.7173e-002
185	197	-7.0662	-60.002	91.225	1019	2.025e-002
185	189	-9.1749	-60.002	91.643	1019	1.7173e-002
185	203	-5.7331	-60.002	93.646	1019	2.4918e-002
186	197	-7.0662	-60.002	91.225	1019	2.025e-002
186	203	-5.7331	-60.002	93.646	1019	2.4918e-002
186	204	-5.2302	-60.002	91.913	1019	2.3964e-002
187	197	-7.0662	-60.002	91.225	1019	2.025e-002
187	204	-5.2302	-60.002	91.913	1019	2.3964e-002
187	201	-5.9002	-60.002	90.59	1019	2.1526e-002
188	197	-7.0662	-60.002	91.225	1019	2.025e-002
188	201	-5.9002	-60.002	90.59	1019	2.1526e-002
188	196	-7.5804	-60.002	89.593	1019	1.7747e-002
189	197	-7.0662	-60.002	91.225	1019	2.025e-002
189	196	-7.5804	-60.002	89.593	1019	1.7747e-002
189	192	-8.7782	-60.002	89.962	1019	1.6125e-002
190	83	-24.457	-60.002	133.36	1020	4.3599e-002
190	80	-24.498	-60.002	135.52	1020	4.6518e-002
190	70	-25.606	-60.002	135.39	1020	4.4648e-002
191	51	-27.52	-60.002	138.72	1020	4.6473e-002
191	82	-24.476	-60.002	140.22	1020	5.3094e-002
191	80	-24.498	-60.002	135.52	1020	4.6518e-002
191	70	-25.606	-60.002	135.39	1020	4.4648e-002
192	219	-2.2841	-60.002	150.35	1033	9.6434e-002
192	234	0.82924	-60.002	147.43	1033	9.6666e-002
192	209	-4.0661	-60.002	146.6	1033	8.9304e-002
193	262	6.8711	-60.002	91.335	1043	4.2314e-002
193	267	7.3897	-60.002	89.564	1043	4.1434e-002
193	274	8.7038	-60.002	93.321	1043	4.6852e-002
194	262	6.8711	-60.002	91.335	1043	4.2314e-002
194	274	8.7038	-60.002	93.321	1043	4.6852e-002
194	256	6.0647	-60.002	92.801	1043	4.2493e-002
195	262	6.8711	-60.002	91.335	1043	4.2314e-002
195	256	6.0647	-60.002	92.801	1043	4.2493e-002
195	255	5.8085	-60.002	91.107	1043	4.05e-002
196	262	6.8711	-60.002	91.335	1043	4.2314e-002
196	255	5.8085	-60.002	91.107	1043	4.05e-002
196	259	6.3888	-60.002	89.882	1043	4.0211e-002
197	262	6.8711	-60.002	91.335	1043	4.2314e-002
197	259	6.3888	-60.002	89.882	1043	4.0211e-002
197	267	7.3897	-60.002	89.564	1043	4.1434e-002
198	255	5.8085	-60.002	91.107	1043	4.05e-002
198	252	5.0726	-60.002	92.698	1043	4.0921e-002
198	256	6.0647	-60.002	92.801	1043	4.2493e-002
199	259	6.3888	-60.002	89.882	1043	4.0211e-002
199	267	7.3897	-60.002	89.564	1043	4.1434e-002
199	263	7.0257	-60.002	88.523	1043	3.9894e-002
200	65	-26.136	-60.002	130.05	1064	3.6493e-002
200	83	-24.457	-60.002	133.36	1064	4.3599e-002
200	88	-23.415	-60.002	130.38	1064	4.1081e-002
201	77	-24.656	-60.002	142.62	1074	5.6011e-002
201	51	-27.52	-60.002	138.72	1074	4.6473e-002
201	82	-24.476	-60.002	140.22	1074	5.3094e-002
202	181	-10.804	-60.002	90.785	1075	1.3608e-002
202	189	-9.1749	-60.002	91.643	1075	1.7173e-002
202	192	-8.7782	-60.002	89.962	1075	1.6125e-002
203	185	-10.477	-60.002	88.954	1075	1.2298e-002
203	181	-10.804	-60.002	90.785	1075	1.3608e-002
203	192	-8.7782	-60.002	89.962	1075	1.6125e-002
204	185	-10.477	-60.002	88.954	1075	1.2298e-002
204	192	-8.7782	-60.002	89.962	1075	1.6125e-002
204	193	-8.316	-60.002	87.962	1075	1.4886e-002
205	185	-10.477	-60.002	88.954	1075	1.2298e-002
205	193	-8.316	-60.002	87.962	1075	1.4886e-002
205	187	-9.7499	-60.002	87.075	1075	1.1624e-002
206	185	-10.477	-60.002	88.954	1075	1.2298e-002
206	187	-9.7499	-60.002	87.075	1075	1.1624e-002
206	171	-12.48	-60.002	88.184	1075	8.1927e-003
207	185	-10.477	-60.002	88.954	1075	1.2298e-002
207	171	-12.48	-60.002	88.184	1075	8.1927e-003
207	168	-12.734	-60.002	89.757	1075	9.3604e-003
208	185	-10.477	-60.002	88.954	1075	1.2298e-002
208	168	-12.734	-60.002	89.757	1075	9.3604e-003
208	181	-10.804	-60.002	90.785	1075	1.3608e-002
209	187	-9.7499	-60.002	87.075	1075	1.1624e-002
209	193	-8.316	-60.002	87.962	1075	1.4886e-002
209	195	-7.9584	-60.002	86.473	1075	1.4003e-002
210	171	-12.48	-60.002	88.184	1075	8.1927e-003
210	160	-14.183	-60.002	89.002	1075	6.1793e-003
210	168	-12.734	-60.002	89.757	1075	9.3604e-003
211	105	-21.769	-60.002	106.23	1078	1.2722e-002
211	107	-21.435	-60.002	105.72	1078	1.2689e-002
211	100	-22.269	-60.002	105.13	1078	1.0595e-002
212	412	27.685	-60.002	101.89	1098	8.228e-002
212	392	25.369	-60.002	101.91	1098	7.9164e-002
212	409	27.348	-60.002	104.61	1098	8.4431e-002
213	412	27.685	-60.002	101.89	1098	8.228e-002
213	409	27.348	-60.002	104.61	1098	8.4431e-002
213	435	29.32	-60.002	103.56	1098	8.6066e-002
214	412	27.685	-60.002	101.89	1098	8.228e-002
214	435	29.32	-60.002	103.56	1098	8.6066e-002
214	426	28.966	-60.002	101.01	1098	8.3173e-002
215	412	27.685	-60.002	101.89	1098	8.228e-002
215	426	28.966	-60.002	101.01	1098	8.3173e-002
215	422	28.604	-60.002	100.51	1098	8.2221e-002
216	412	27.685	-60.002	101.89	1098	8.228e-002
216	422	28.604	-60.002	100.51	1098	8.2221e-002
216	402	26.504	-60.002	99.724	1098	7.8623e-002
217	412	27.685	-60.002	101.89	1098	8.228e-002
217	402	26.504	-60.002	99.724	1098	7.8623e-002
217	392	25.369	-60.002	101.91	1098	7.9164e-002
218	453	31.058	-60.002	100.5	1098	8.5507e-002
218	434	29.313	-60.002	98.121	1098	8.0939e-002
218	422	28.604	-60.002	100.51	1098	8.2221e-002
218	426	28.966	-60.002	101.01	1098	8.3173e-002
219	465	32.081	-60.002	102.08	1098	8.8358e-002
219	435	29.32	-60.002	103.56	1098	8.6066e-002
219	426	28.966	-60.002	101.01	1098	8.3173e-002
219	453	31.058	-60.002	100.5	1098	8.5507e-002
220	416	28.102	-60.002	96.67	1098	7.7942e-002
220	402	26.504	-60.002	99.724	1098	7.8623e-002
220	422	28.604	-60.002	100.51	1098	8.2221e-002
220	434	29.313	-60.002	98.121	1098	8.0939e-002
221	433	29.307	-60.002	117.02	1107	9.9295e-002
221	437	29.529	-60.002	119.56	1107	0.10216
221	462	31.738	-60.002	118.18	1107	0.10348
222	345	19.254	-60.002	142.04	1126	0.1132
222	369	22.298	-60.002	143.1	1126	0.11807
222	356	20.696	-60.002	144.74	1126	0.11796
223	380	23.856	-60.002	142.94	1126	0.11976
223	390	25.125	-60.002	142.	1126	0.12024
223	396	26.093	-60.002	143.59	1126	0.12311
224	377	23.426	-60.002	144.02	1126	0.12042
224	356	20.696	-60.002	144.74	1126	0.11796
224	360	20.835	-60.002	145.	1126	0.11842
225	377	23.426	-60.002	144.02	1126	0.12042
225	360	20.835	-60.002	145.	1126	0.11842
225	404	26.777	-60.002	144.73	1126	0.12514
226	377	23.426	-60.002	144.02	1126	0.12042
226	404	26.777	-60.002	144.73	1126	0.12514
226	396	26.093	-60.002	143.59	1126	0.12311
227	377	23.426	-60.002	144.02	1126	0.12042
227	396	26.093	-60.002	143.59	1126	0.12311
227	380	23.856	-60.002	142.94	1126	0.11976
228	377	23.426	-60.002	144.02	1126	0.12042
228	380	23.856	-60.002	142.94	1126	0.11976
228	369	22.298	-60.002	143.1	1126	0.11807
229	377	23.426	-60.002	144.02	1126	0.12042
229	369	22.298	-60.002	143.1	1126	0.11807
229	356	20.696	-60.002	144.74	1126	0.11796
230	370	22.32	-60.002	142.07	1126	0.11697
230	390	25.125	-60.002	142.	1126	0.12024
230	385	24.368	-60.002	140.74	1126	0.11799
231	370	22.32	-60.002	142.07	1126	0.11697
231	385	24.368	-60.002	140.74	1126	0.11799
231	340	19.021	-60.002	141.61	1126	0.11244
232	370	22.32	-60.002	142.07	1126	0.11697
232	340	19.021	-60.002	141.61	1126	0.11244
232	345	19.254	-60.002	142.04	1126	0.1132
233	370	22.32	-60.002	142.07	1126	0.11697
233	345	19.254	-60.002	142.04	1126	0.1132
233	369	22.298	-60.002	143.1	1126	0.11807
234	370	22.32	-60.002	142.07	1126	0.11697
234	369	22.298	-60.002	143.1	1126	0.11807
234	380	23.856	-60.002	142.94	1126	0.11976
235	370	22.32	-60.002	142.07	1126	0.11697
235	380	23.856	-60.002	142.94	1126	0.11976
235	390	25.125	-60.002	142.	1126	0.12024
236	353	20.472	-60.002	145.25	1146	0.11827
236	343	19.219	-60.002	148.03	1146	0.11995
236	325	16.127	-60.002	147.92	1146	0.11613
237	346	19.701	-60.002	148.78	1146	0.12139
237	363	21.585	-60.002	148.99	1146	0.12385
237	341	19.074	-60.002	150.54	1146	0.12268
238	331	17.878	-60.002	149.14	1146	0.11964
238	325	16.127	-60.002	147.92	1146	0.11613
238	322	15.739	-60.002	148.13	1146	0.11591
239	331	17.878	-60.002	149.14	1146	0.11964
239	322	15.739	-60.002	148.13	1146	0.11591
239	329	17.406	-60.002	151.42	1146	0.12175
240	331	17.878	-60.002	149.14	1146	0.11964
240	329	17.406	-60.002	151.42	1146	0.12175
240	341	19.074	-60.002	150.54	1146	0.12268
241	331	17.878	-60.002	149.14	1146	0.11964
241	341	19.074	-60.002	150.54	1146	0.12268
241	346	19.701	-60.002	148.78	1146	0.12139
242	331	17.878	-60.002	149.14	1146	0.11964
242	346	19.701	-60.002	148.78	1146	0.12139
242	343	19.219	-60.002	148.03	1146	0.11995
243	331	17.878	-60.002	149.14	1146	0.11964
243	343	19.219	-60.002	148.03	1146	0.11995
243	325	16.127	-60.002	147.92	1146	0.11613
244	359	20.824	-60.002	147.33	1146	0.12105
244	363	21.585	-60.002	148.99	1146	0.12385
244	374	23.13	-60.002	147.91	1146	0.12442
245	359	20.824	-60.002	147.33	1146	0.12105
245	374	23.13	-60.002	147.91	1146	0.12442
245	360	20.835	-60.002	145.	1146	0.11842
246	359	20.824	-60.002	147.33	1146	0.12105
246	360	20.835	-60.002	145.	1146	0.11842
246	353	20.472	-60.002	145.25	1146	0.11827
247	359	20.824	-60.002	147.33	1146	0.12105
247	353	20.472	-60.002	145.25	1146	0.11827
247	343	19.219	-60.002	148.03	1146	0.11995
248	359	20.824	-60.002	147.33	1146	0.12105
248	343	19.219	-60.002	148.03	1146	0.11995
248	346	19.701	-60.002	148.78	1146	0.12139
249	359	20.824	-60.002	147.33	1146	0.12105
249	346	19.701	-60.002	148.78	1146	0.12139
249	363	21.585	-60.002	148.99	1146	0.12385
250	503	36.749	-60.002	124.32	1149	0.11572
250	501	35.822	-60.002	129.06	1149	0.11936
250	489	33.916	-60.002	126.73	1149	0.1147
251	222	-1.5278	-60.002	89.836	1171	2.7823e-002
251	226	-1.0268	-60.002	91.105	1171	2.9876e-002
251	216	-2.6076	-60.002	89.947	1171	2.6214e-002
252	229	-0.14674	-60.002	89.921	1171	3.0089e-002
252	238	1.794	-60.002	89.626	1171	3.2832e-002
252	235	0.89041	-60.002	92.546	1171	3.4313e-002
253	229	-0.14674	-60.002	89.921	1171	3.0089e-002
253	235	0.89041	-60.002	92.546	1171	3.4313e-002
253	226	-1.0268	-60.002	91.105	1171	2.9876e-002
254	229	-0.14674	-60.002	89.921	1171	3.0089e-002
254	226	-1.0268	-60.002	91.105	1171	2.9876e-002
254	222	-1.5278	-60.002	89.836	1171	2.7823e-002
255	229	-0.14674	-60.002	89.921	1171	3.0089e-002
255	222	-1.5278	-60.002	89.836	1171	2.7823e-002
255	225	-1.0379	-60.002	88.26	1171	2.7035e-002
256	229	-0.14674	-60.002	89.921	1171	3.0089e-002
256	225	-1.0379	-60.002	88.26	1171	2.7035e-002
256	230	2.762e-002	-60.002	88.151	1171	2.861e-002
257	229	-0.14674	-60.002	89.921	1171	3.0089e-002
257	230	2.762e-002	-60.002	88.151	1171	2.861e-002
257	238	1.794	-60.002	89.626	1171	3.2832e-002
258	218	-2.4046	-60.002	88.138	1171	2.4738e-002
258	212	-3.2396	-60.002	85.416	1171	2.0689e-002
258	207	-4.2684	-60.002	88.717	1171	2.2317e-002
259	218	-2.4046	-60.002	88.138	1171	2.4738e-002
259	207	-4.2684	-60.002	88.717	1171	2.2317e-002
259	216	-2.6076	-60.002	89.947	1171	2.6214e-002
260	218	-2.4046	-60.002	88.138	1171	2.4738e-002
260	216	-2.6076	-60.002	89.947	1171	2.6214e-002
260	222	-1.5278	-60.002	89.836	1171	2.7823e-002
261	218	-2.4046	-60.002	88.138	1171	2.4738e-002
261	222	-1.5278	-60.002	89.836	1171	2.7823e-002
261	225	-1.0379	-60.002	88.26	1171	2.7035e-002
262	218	-2.4046	-60.002	88.138	1171	2.4738e-002
262	225	-1.0379	-60.002	88.26	1171	2.7035e-002
262	220	-1.7466	-60.002	86.653	1171	2.4314e-002
263	218	-2.4046	-60.002	88.138	1171	2.4738e-002
263	220	-1.7466	-60.002	86.653	1171	2.4314e-002
263	212	-3.2396	-60.002	85.416	1171	2.0689e-002
264	225	-1.0379	-60.002	88.26	1171	2.7035e-002
264	220	-1.7466	-60.002	86.653	1171	2.4314e-002
264	230	2.762e-002	-60.002	88.151	1171	2.861e-002
265	253	5.2831	-60.002	89.783	1175	3.841e-002
265	259	6.3888	-60.002	89.882	1175	4.0211e-002
265	255	5.8085	-60.002	91.107	1175	4.05e-002
266	251	4.7782	-60.002	87.956	1175	3.5869e-002
266	248	3.469	-60.002	85.046	1175	3.1035e-002
266	263	7.0257	-60.002	88.523	1175	3.9894e-002
267	251	4.7782	-60.002	87.956	1175	3.5869e-002
267	263	7.0257	-60.002	88.523	1175	3.9894e-002
267	259	6.3888	-60.002	89.882	1175	4.0211e-002
268	251	4.7782	-60.002	87.956	1175	3.5869e-002
268	259	6.3888	-60.002	89.882	1175	4.0211e-002
268	253	5.2831	-60.002	89.783	1175	3.841e-002
269	251	4.7782	-60.002	87.956	1175	3.5869e-002
269	253	5.2831	-60.002	89.783	1175	3.841e-002
269	249	3.5304	-60.002	88.11	1175	3.4072e-002
270	251	4.7782	-60.002	87.956	1175	3.5869e-002
270	249	3.5304	-60.002	88.11	1175	3.4072e-002
270	244	2.9719	-60.002	86.393	1175	3.1542e-002
271	251	4.7782	-60.002	87.956	1175	3.5869e-002
271	244	2.9719	-60.002	86.393	1175	3.1542e-002
271	248	3.469	-60.002	85.046	1175	3.1035e-002
272	250	3.9784	-60.002	89.891	1175	3.6495e-002
272	238	1.794	-60.002	89.626	1175	3.2832e-002
272	252	5.0726	-60.002	92.698	1175	4.0921e-002
273	250	3.9784	-60.002	89.891	1175	3.6495e-002
273	252	5.0726	-60.002	92.698	1175	4.0921e-002
273	255	5.8085	-60.002	91.107	1175	4.05e-002
274	250	3.9784	-60.002	89.891	1175	3.6495e-002
274	255	5.8085	-60.002	91.107	1175	4.05e-002
274	253	5.2831	-60.002	89.783	1175	3.841e-002
275	250	3.9784	-60.002	89.891	1175	3.6495e-002
275	253	5.2831	-60.002	89.783	1175	3.841e-002
275	249	3.5304	-60.002	88.11	1175	3.4072e-002
276	250	3.9784	-60.002	89.891	1175	3.6495e-002
276	249	3.5304	-60.002	88.11	1175	3.4072e-002
276	240	2.3818	-60.002	88.021	1175	3.2187e-002
277	250	3.9784	-60.002	89.891	1175	3.6495e-002
277	240	2.3818	-60.002	88.021	1175	3.2187e-002
277	238	1.794	-60.002	89.626	1175	3.2832e-002
278	249	3.5304	-60.002	88.11	1175	3.4072e-002
278	240	2.3818	-60.002	88.021	1175	3.2187e-002
278	244	2.9719	-60.002	86.393	1175	3.1542e-002
279	314	14.202	-60.002	90.104	1179	5.205e-002
279	301	12.48	-60.002	91.188	1179	5.0532e-002
279	309	13.651	-60.002	92.87	1179	5.3834e-002
280	307	13.12	-60.002	89.39	1179	4.9803e-002
280	311	13.943	-60.002	87.623	1179	4.9381e-002
280	288	10.629	-60.002	88.639	1179	4.5453e-002
281	307	13.12	-60.002	89.39	1179	4.9803e-002
281	288	10.629	-60.002	88.639	1179	4.5453e-002
281	301	12.48	-60.002	91.188	1179	5.0532e-002
282	307	13.12	-60.002	89.39	1179	4.9803e-002
282	301	12.48	-60.002	91.188	1179	5.0532e-002
282	314	14.202	-60.002	90.104	1179	5.205e-002
283	307	13.12	-60.002	89.39	1179	4.9803e-002
283	314	14.202	-60.002	90.104	1179	5.205e-002
283	315	14.345	-60.002	89.393	1179	5.1598e-002
284	307	13.12	-60.002	89.39	1179	4.9803e-002
284	315	14.345	-60.002	89.393	1179	5.1598e-002
284	311	13.943	-60.002	87.623	1179	4.9381e-002
285	320	14.741	-60.002	87.406	1179	5.0342e-002
285	311	13.943	-60.002	87.623	1179	4.9381e-002
285	315	14.345	-60.002	89.393	1179	5.1598e-002
286	48	-27.775	-60.002	111.95	1193	9.7e-003
286	74	-25.046	-60.002	115.23	1193	1.8116e-002
286	85	-24.151	-60.002	111.61	1193	1.5179e-002
286	66	-26.043	-60.002	110.15	1193	1.0316e-002
287	43	-28.33	-60.002	111.28	1193	7.9732e-003
287	64	-26.16	-60.002	109.14	1193	8.8816e-003
287	66	-26.043	-60.002	110.15	1193	1.0316e-002
287	48	-27.775	-60.002	111.95	1193	9.7e-003
288	84	-24.293	-60.002	108.84	1193	1.1614e-002
288	103	-22.036	-60.002	106.76	1193	1.2917e-002
288	91	-23.075	-60.002	106.52	1193	1.0875e-002
289	84	-24.293	-60.002	108.84	1193	1.1614e-002
289	91	-23.075	-60.002	106.52	1193	1.0875e-002
289	64	-26.16	-60.002	109.14	1193	8.8816e-003
290	84	-24.293	-60.002	108.84	1193	1.1614e-002
290	64	-26.16	-60.002	109.14	1193	8.8816e-003
290	66	-26.043	-60.002	110.15	1193	1.0316e-002
291	84	-24.293	-60.002	108.84	1193	1.1614e-002
291	66	-26.043	-60.002	110.15	1193	1.0316e-002
291	85	-24.151	-60.002	111.61	1193	1.5179e-002
292	84	-24.293	-60.002	108.84	1193	1.1614e-002
292	85	-24.151	-60.002	111.61	1193	1.5179e-002
292	103	-22.036	-60.002	106.76	1193	1.2917e-002
293	86	-24.139	-60.002	128.26	1194	3.7102e-002
293	65	-26.136	-60.002	130.05	1194	3.6493e-002
293	88	-23.415	-60.002	130.38	1194	4.1081e-002
294	117	-20.132	-60.002	99.268	1203	7.3314e-003
294	122	-19.485	-60.002	97.713	1203	6.6331e-003
294	130	-18.841	-60.002	102.11	1203	1.2651e-002
295	117	-20.132	-60.002	99.268	1203	7.3314e-003
295	130	-18.841	-60.002	102.11	1203	1.2651e-002
295	112	-21.098	-60.002	100.84	1203	7.5488e-003
296	117	-20.132	-60.002	99.268	1203	7.3314e-003
296	112	-21.098	-60.002	100.84	1203	7.5488e-003
296	111	-21.265	-60.002	98.181	1203	4.235e-003
297	117	-20.132	-60.002	99.268	1203	7.3314e-003
297	111	-21.265	-60.002	98.181	1203	4.235e-003
297	119	-19.97	-60.002	97.492	1203	5.5849e-003
298	117	-20.132	-60.002	99.268	1203	7.3314e-003
298	119	-19.97	-60.002	97.492	1203	5.5849e-003
298	122	-19.485	-60.002	97.713	1203	6.6331e-003
299	99	-22.324	-60.002	98.171	1203	2.4775e-003
299	90	-23.37	-60.002	95.947	1203	-1.8078e-003
299	87	-23.509	-60.002	99.493	1203	2.049e-003
300	99	-22.324	-60.002	98.171	1203	2.4775e-003
300	87	-23.509	-60.002	99.493	1203	2.049e-003
300	112	-21.098	-60.002	100.84	1203	7.5488e-003
301	99	-22.324	-60.002	98.171	1203	2.4775e-003
301	112	-21.098	-60.002	100.84	1203	7.5488e-003
301	111	-21.265	-60.002	98.181	1203	4.235e-003
302	99	-22.324	-60.002	98.171	1203	2.4775e-003
302	111	-21.265	-60.002	98.181	1203	4.235e-003
302	97	-22.38	-60.002	96.39	1203	3.4516e-004
303	99	-22.324	-60.002	98.171	1203	2.4775e-003
303	97	-22.38	-60.002	96.39	1203	3.4516e-004
303	90	-23.37	-60.002	95.947	1203	-1.8078e-003
304	111	-21.265	-60.002	98.181	1203	4.235e-003
304	97	-22.38	-60.002	96.39	1203	3.4516e-004
304	119	-19.97	-60.002	97.492	1203	5.5849e-003
305	329	17.406	-60.002	151.42	1235	0.12175
305	305	12.926	-60.002	153.24	1235	0.11869
305	322	15.739	-60.002	148.13	1235	0.11591
306	366	21.882	-60.002	99.349	1236	7.1846e-002
306	372	22.679	-60.002	97.388	1236	7.111e-002
306	350	20.247	-60.002	99.397	1236	6.9556e-002
307	366	21.882	-60.002	99.349	1236	7.1846e-002
307	350	20.247	-60.002	99.397	1236	6.9556e-002
307	358	20.82	-60.002	99.949	1236	7.091e-002
308	366	21.882	-60.002	99.349	1236	7.1846e-002
308	358	20.82	-60.002	99.949	1236	7.091e-002
308	371	22.382	-60.002	100.5	1236	7.3661e-002
309	366	21.882	-60.002	99.349	1236	7.1846e-002
309	371	22.382	-60.002	100.5	1236	7.3661e-002
309	376	23.281	-60.002	99.512	1236	7.3978e-002
310	366	21.882	-60.002	99.349	1236	7.1846e-002
310	376	23.281	-60.002	99.512	1236	7.3978e-002
310	372	22.679	-60.002	97.388	1236	7.111e-002
311	379	23.702	-60.002	101.11	1236	7.6097e-002
311	392	25.369	-60.002	101.91	1236	7.9164e-002
311	384	24.239	-60.002	103.85	1236	7.9497e-002
312	379	23.702	-60.002	101.11	1236	7.6097e-002
312	384	24.239	-60.002	103.85	1236	7.9497e-002
312	367	22.115	-60.002	101.22	1236	7.3982e-002
313	379	23.702	-60.002	101.11	1236	7.6097e-002
313	367	22.115	-60.002	101.22	1236	7.3982e-002
313	371	22.382	-60.002	100.5	1236	7.3661e-002
314	379	23.702	-60.002	101.11	1236	7.6097e-002
314	371	22.382	-60.002	100.5	1236	7.3661e-002
314	376	23.281	-60.002	99.512	1236	7.3978e-002
315	379	23.702	-60.002	101.11	1236	7.6097e-002
315	376	23.281	-60.002	99.512	1236	7.3978e-002
315	387	24.829	-60.002	99.657	1236	7.6269e-002
316	379	23.702	-60.002	101.11	1236	7.6097e-002
316	387	24.829	-60.002	99.657	1236	7.6269e-002
316	392	25.369	-60.002	101.91	1236	7.9164e-002
317	371	22.382	-60.002	100.5	1236	7.3661e-002
317	358	20.82	-60.002	99.949	1236	7.091e-002
317	367	22.115	-60.002	101.22	1236	7.3982e-002
318	381	23.912	-60.002	96.368	1236	7.1893e-002
318	387	24.829	-60.002	99.657	1236	7.6269e-002
318	376	23.281	-60.002	99.512	1236	7.3978e-002
318	372	22.679	-60.002	97.388	1236	7.111e-002
319	392	25.369	-60.002	101.91	1237	7.9164e-002
319	388	24.829	-60.002	99.657	1237	7.6269e-002
319	401	26.504	-60.002	99.724	1237	7.8623e-002
320	416	28.102	-60.002	96.67	1237	7.7942e-002
320	381	23.912	-60.002	96.368	1237	7.1893e-002
320	388	24.829	-60.002	99.657	1237	7.6269e-002
320	401	26.504	-60.002	99.724	1237	7.8623e-002
321	61	-26.566	-60.002	133.05	1254	3.9983e-002
321	83	-24.457	-60.002	133.36	1254	4.3599e-002
321	65	-26.136	-60.002	130.05	1254	3.6493e-002
322	61	-26.566	-60.002	133.05	1254	3.9983e-002
322	65	-26.136	-60.002	130.05	1254	3.6493e-002
322	46	-27.797	-60.002	131.06	1254	3.5338e-002
323	61	-26.566	-60.002	133.05	1254	3.9983e-002
323	46	-27.797	-60.002	131.06	1254	3.5338e-002
323	47	-27.791	-60.002	134.06	1254	3.9534e-002
324	61	-26.566	-60.002	133.05	1254	3.9983e-002
324	47	-27.791	-60.002	134.06	1254	3.9534e-002
324	50	-27.612	-60.002	134.41	1254	4.0297e-002
325	61	-26.566	-60.002	133.05	1254	3.9983e-002
325	50	-27.612	-60.002	134.41	1254	4.0297e-002
325	69	-25.606	-60.002	135.39	1254	4.4648e-002
326	61	-26.566	-60.002	133.05	1254	3.9983e-002
326	69	-25.606	-60.002	135.39	1254	4.4648e-002
326	83	-24.457	-60.002	133.36	1254	4.3599e-002
327	19	-29.807	-60.002	134.46	1254	3.708e-002
327	38	-28.476	-60.002	137.09	1254	4.277e-002
327	50	-27.612	-60.002	134.41	1254	4.0297e-002
327	47	-27.791	-60.002	134.06	1254	3.9534e-002
328	15	-30.554	-60.002	132.73	1254	3.3497e-002
328	46	-27.797	-60.002	131.06	1254	3.5338e-002
328	47	-27.791	-60.002	134.06	1254	3.9534e-002
328	19	-29.807	-60.002	134.46	1254	3.708e-002
329	51	-27.52	-60.002	138.72	1254	4.6473e-002
329	69	-25.606	-60.002	135.39	1254	4.4648e-002
329	50	-27.612	-60.002	134.41	1254	4.0297e-002
329	38	-28.476	-60.002	137.09	1254	4.277e-002
330	198	-6.8572	-60.002	152.03	1277	9.2771e-002
330	205	-5.1367	-60.002	154.24	1277	9.7761e-002
330	186	-9.7902	-60.002	152.93	1277	9.0108e-002
331	21	-29.582	-60.002	117.7	1314	1.4169e-002
331	0	-32.92	-60.002	121.46	1314	1.3988e-002
331	1	-32.787	-60.002	116.62	1314	7.5883e-003
332	20	-29.803	-60.002	105.5	1325	-1.4691e-003
332	43	-28.33	-60.002	111.28	1325	7.9732e-003
332	63	-26.16	-60.002	109.14	1325	8.8818e-003
332	59	-26.78	-60.002	105.96	1325	4.0133e-003
333	59	-26.78	-60.002	105.96	1325	4.0133e-003
333	91	-23.075	-60.002	106.52	1325	1.0875e-002
333	63	-26.16	-60.002	109.14	1325	8.8818e-003
334	0	-32.92	-60.002	121.46	1328	1.3988e-002
334	2	-32.777	-60.002	123.34	1328	1.6827e-002
334	6	-32.034	-60.002	122.06	1328	1.6218e-002
335	7	-31.998	-60.002	128.11	1328	2.4727e-002
335	12	-31.331	-60.002	127.13	1328	2.4391e-002
335	4	-32.372	-60.002	126.26	1328	2.1537e-002
336	9	-31.527	-60.002	124.55	1328	2.048e-002
336	12	-31.331	-60.002	127.13	1328	2.4391e-002
336	25	-29.12	-60.002	123.99	1328	2.3445e-002
337	9	-31.527	-60.002	124.55	1328	2.048e-002
337	25	-29.12	-60.002	123.99	1328	2.3445e-002
337	6	-32.034	-60.002	122.06	1328	1.6218e-002
338	9	-31.527	-60.002	124.55	1328	2.048e-002
338	6	-32.034	-60.002	122.06	1328	1.6218e-002
338	2	-32.777	-60.002	123.34	1328	1.6827e-002
339	9	-31.527	-60.002	124.55	1328	2.048e-002
339	2	-32.777	-60.002	123.34	1328	1.6827e-002
339	4	-32.372	-60.002	126.26	1328	2.1537e-002
340	9	-31.527	-60.002	124.55	1328	2.048e-002
340	4	-32.372	-60.002	126.26	1328	2.1537e-002
340	12	-31.331	-60.002	127.13	1328	2.4391e-002
341	321	15.607	-60.002	147.88	1402	0.11547
341	308	13.574	-60.002	148.53	1402	0.11378
341	313	14.098	-60.002	145.04	1402	0.11036
342	303	12.862	-60.002	149.68	1402	0.11429
342	300	12.347	-60.002	152.14	1402	0.11665
342	297	11.436	-60.002	150.38	1402	0.11343
343	302	12.797	-60.002	147.94	1402	0.11215
343	313	14.098	-60.002	145.04	1402	0.11036
343	312	13.96	-60.002	144.77	1402	0.10989
344	302	12.797	-60.002	147.94	1402	0.11215
344	312	13.96	-60.002	144.77	1402	0.10989
344	290	10.85	-60.002	149.26	1402	0.11137
345	302	12.797	-60.002	147.94	1402	0.11215
345	290	10.85	-60.002	149.26	1402	0.11137
345	297	11.436	-60.002	150.38	1402	0.11343
346	302	12.797	-60.002	147.94	1402	0.11215
346	297	11.436	-60.002	150.38	1402	0.11343
346	303	12.862	-60.002	149.68	1402	0.11429
347	302	12.797	-60.002	147.94	1402	0.11215
347	303	12.862	-60.002	149.68	1402	0.11429
347	308	13.574	-60.002	148.53	1402	0.11378
348	302	12.797	-60.002	147.94	1402	0.11215
348	308	13.574	-60.002	148.53	1402	0.11378
348	313	14.098	-60.002	145.04	1402	0.11036
349	310	13.843	-60.002	149.94	1402	0.11576
349	300	12.347	-60.002	152.14	1402	0.11665
349	305	12.926	-60.002	153.24	1402	0.11869
350	310	13.843	-60.002	149.94	1402	0.11576
350	305	12.926	-60.002	153.24	1402	0.11869
350	322	15.739	-60.002	148.13	1402	0.11591
351	310	13.843	-60.002	149.94	1402	0.11576
351	322	15.739	-60.002	148.13	1402	0.11591
351	321	15.607	-60.002	147.88	1402	0.11547
352	310	13.843	-60.002	149.94	1402	0.11576
352	321	15.607	-60.002	147.88	1402	0.11547
352	308	13.574	-60.002	148.53	1402	0.11378
353	310	13.843	-60.002	149.94	1402	0.11576
353	308	13.574	-60.002	148.53	1402	0.11378
353	303	12.862	-60.002	149.68	1402	0.11429
354	310	13.843	-60.002	149.94	1402	0.11576
354	303	12.862	-60.002	149.68	1402	0.11429
354	300	12.347	-60.002	152.14	1402	0.11665
355	296	11.436	-60.002	150.38	1403	0.11343
355	290	10.85	-60.002	149.26	1403	0.11137
355	279	9.583	-60.002	150.8	1403	0.11172
356	285	10.057	-60.002	152.45	1403	0.1143
356	296	11.436	-60.002	150.38	1403	0.11343
356	279	9.583	-60.002	150.8	1403	0.11172
357	285	10.057	-60.002	152.45	1403	0.1143
357	279	9.583	-60.002	150.8	1403	0.11172
357	268	7.6321	-60.002	153.19	1403	0.11229
358	285	10.057	-60.002	152.45	1403	0.1143
358	268	7.6321	-60.002	153.19	1403	0.11229
358	271	8.2358	-60.002	154.42	1403	0.11452
359	285	10.057	-60.002	152.45	1403	0.1143
359	271	8.2358	-60.002	154.42	1403	0.11452
359	292	11.111	-60.002	153.77	1403	0.11717
360	285	10.057	-60.002	152.45	1403	0.1143
360	292	11.111	-60.002	153.77	1403	0.11717
360	299	12.347	-60.002	152.14	1403	0.11665
361	285	10.057	-60.002	152.45	1403	0.1143
361	299	12.347	-60.002	152.14	1403	0.11665
361	296	11.436	-60.002	150.38	1403	0.11343
362	271	8.2358	-60.002	154.42	1403	0.11452
362	268	7.6321	-60.002	153.19	1403	0.11229
362	258	6.3698	-60.002	154.71	1403	0.11264
363	292	11.111	-60.002	153.77	1403	0.11717
363	305	12.926	-60.002	153.24	1403	0.11869
363	299	12.347	-60.002	152.14	1403	0.11665
364	241	2.6895	-60.002	147.49	1407	9.9077e-002
364	245	3.0062	-60.002	150.94	1407	0.10382
364	260	6.6526	-60.002	147.08	1407	0.10357
365	334	17.927	-60.002	143.86	1410	0.11364
365	316	14.375	-60.002	144.56	1410	0.11014
365	318	14.487	-60.002	144.8	1410	0.11056
366	334	17.927	-60.002	143.86	1410	0.11364
366	318	14.487	-60.002	144.8	1410	0.11056
366	351	20.327	-60.002	144.98	1410	0.11779
367	334	17.927	-60.002	143.86	1410	0.11364
367	351	20.327	-60.002	144.98	1410	0.11779
367	356	20.696	-60.002	144.74	1410	0.11796
368	334	17.927	-60.002	143.86	1410	0.11364
368	356	20.696	-60.002	144.74	1410	0.11796
368	344	19.254	-60.002	142.04	1410	0.1132
369	334	17.927	-60.002	143.86	1410	0.11364
369	344	19.254	-60.002	142.04	1410	0.1132
369	338	18.427	-60.002	142.05	1410	0.11221
370	334	17.927	-60.002	143.86	1410	0.11364
370	338	18.427	-60.002	142.05	1410	0.11221
370	316	14.375	-60.002	144.56	1410	0.11014
371	356	20.696	-60.002	144.74	1410	0.11796
371	351	20.327	-60.002	144.98	1410	0.11779
371	360	20.835	-60.002	145.	1410	0.11842
372	316	14.375	-60.002	144.56	1410	0.11014
372	312	13.96	-60.002	144.77	1410	0.10989
372	318	14.487	-60.002	144.8	1410	0.11056
373	338	18.427	-60.002	142.05	1410	0.11221
373	344	19.254	-60.002	142.04	1410	0.1132
373	340	19.021	-60.002	141.61	1410	0.11244
374	245	3.0062	-60.002	150.94	1412	0.10382
374	246	3.3946	-60.002	151.37	1412	0.10485
374	242	2.8369	-60.002	151.4	1412	0.10419
375	258	6.3698	-60.002	154.71	1412	0.11264
375	246	3.3946	-60.002	151.37	1412	0.10485
375	242	2.8369	-60.002	151.4	1412	0.10419
375	236	1.5413	-60.002	154.98	1412	0.10711
376	385	24.368	-60.002	140.74	1419	0.11799
376	340	19.021	-60.002	141.61	1419	0.11244
376	362	21.427	-60.002	139.49	1419	0.11308
377	404	26.777	-60.002	144.73	1424	0.12514
377	374	23.13	-60.002	147.91	1424	0.12442
377	360	20.835	-60.002	145.	1424	0.11842
378	286	10.068	-60.002	92.29	1425	4.7987e-002
378	282	9.6519	-60.002	91.016	1425	4.6182e-002
378	274	8.7038	-60.002	93.321	1425	4.6852e-002
379	286	10.068	-60.002	92.29	1425	4.7987e-002
379	274	8.7038	-60.002	93.321	1425	4.6852e-002
379	293	11.253	-60.002	94.097	1425	5.1468e-002
380	286	10.068	-60.002	92.29	1425	4.7987e-002
380	293	11.253	-60.002	94.097	1425	5.1468e-002
380	291	11.003	-60.002	91.972	1425	4.9094e-002
381	286	10.068	-60.002	92.29	1425	4.7987e-002
381	291	11.003	-60.002	91.972	1425	4.9094e-002
381	284	9.7297	-60.002	91.046	1425	4.6327e-002
382	286	10.068	-60.002	92.29	1425	4.7987e-002
382	284	9.7297	-60.002	91.046	1425	4.6327e-002
382	282	9.6519	-60.002	91.016	1425	4.6182e-002
383	298	12.26	-60.002	92.983	1425	5.1913e-002
383	309	13.651	-60.002	92.87	1425	5.3834e-002
383	304	12.912	-60.002	94.79	1425	5.4608e-002
384	298	12.26	-60.002	92.983	1425	5.1913e-002
384	304	12.912	-60.002	94.79	1425	5.4608e-002
384	293	11.253	-60.002	94.097	1425	5.1468e-002
385	298	12.26	-60.002	92.983	1425	5.1913e-002
385	293	11.253	-60.002	94.097	1425	5.1468e-002
385	291	11.003	-60.002	91.972	1425	4.9094e-002
386	298	12.26	-60.002	92.983	1425	5.1913e-002
386	291	11.003	-60.002	91.972	1425	4.9094e-002
386	301	12.48	-60.002	91.188	1425	5.0532e-002
387	298	12.26	-60.002	92.983	1425	5.1913e-002
387	301	12.48	-60.002	91.188	1425	5.0532e-002
387	309	13.651	-60.002	92.87	1425	5.3834e-002
388	284	9.7297	-60.002	91.046	1425	4.6327e-002
388	283	9.6676	-60.002	90.977	1425	4.617e-002
388	282	9.6519	-60.002	91.016	1425	4.6182e-002
389	289	10.702	-60.002	90.765	1425	4.7521e-002
389	291	11.003	-60.002	91.972	1425	4.9094e-002
389	301	12.48	-60.002	91.188	1425	5.0532e-002
390	289	10.702	-60.002	90.765	1425	4.7521e-002
390	301	12.48	-60.002	91.188	1425	5.0532e-002
390	288	10.629	-60.002	88.639	1425	4.5453e-002
391	289	10.702	-60.002	90.765	1425	4.7521e-002
391	288	10.629	-60.002	88.639	1425	4.5453e-002
391	283	9.6676	-60.002	90.977	1425	4.617e-002
392	289	10.702	-60.002	90.765	1425	4.7521e-002
392	283	9.6676	-60.002	90.977	1425	4.617e-002
392	284	9.7297	-60.002	91.046	1425	4.6327e-002
393	289	10.702	-60.002	90.765	1425	4.7521e-002
393	284	9.7297	-60.002	91.046	1425	4.6327e-002
393	291	11.003	-60.002	91.972	1425	4.9094e-002
394	54	-26.869	-60.002	122.1	1426	2.4373e-002
394	71	-25.461	-60.002	119.68	1426	2.3335e-002
394	73	-25.256	-60.002	123.39	1426	2.8682e-002
395	54	-26.869	-60.002	122.1	1426	2.4373e-002
395	73	-25.256	-60.002	123.39	1426	2.8682e-002
395	29	-28.877	-60.002	123.95	1426	2.3781e-002
396	54	-26.869	-60.002	122.1	1426	2.4373e-002
396	29	-28.877	-60.002	123.95	1426	2.3781e-002
396	32	-28.807	-60.002	123.59	1426	2.3379e-002
397	54	-26.869	-60.002	122.1	1426	2.4373e-002
397	32	-28.807	-60.002	123.59	1426	2.3379e-002
397	68	-25.943	-60.002	119.88	1426	2.2835e-002
398	54	-26.869	-60.002	122.1	1426	2.4373e-002
398	68	-25.943	-60.002	119.88	1426	2.2835e-002
398	71	-25.461	-60.002	119.68	1426	2.3335e-002
399	32	-28.807	-60.002	123.59	1426	2.3379e-002
399	29	-28.877	-60.002	123.95	1426	2.3781e-002
399	25	-29.12	-60.002	123.99	1426	2.3445e-002
400	68	-25.943	-60.002	119.88	1426	2.2835e-002
400	72	-25.441	-60.002	119.25	1426	2.281e-002
400	71	-25.461	-60.002	119.68	1426	2.3335e-002
401	393	25.502	-60.002	104.18	1427	8.1524e-002
401	392	25.369	-60.002	101.91	1427	7.9164e-002
401	384	24.239	-60.002	103.85	1427	7.9497e-002
402	43	-28.33	-60.002	111.28	1464	7.9732e-003
402	10	-31.499	-60.002	110.03	1464	1.1917e-003
402	20	-29.803	-60.002	105.5	1464	-1.4691e-003
403	87	-23.509	-60.002	99.493	1466	2.049e-003
403	62	-26.444	-60.002	99.68	1466	-2.7368e-003
403	90	-23.37	-60.002	95.947	1466	-1.8078e-003
404	149	-16.046	-60.002	99.295	1469	1.4093e-002
404	146	-16.461	-60.002	99.658	1469	1.381e-002
404	145	-16.63	-60.002	99.019	1469	1.2822e-002
405	122	-19.485	-60.002	97.713	1469	6.6331e-003
405	130	-18.841	-60.002	102.11	1469	1.2651e-002
405	146	-16.461	-60.002	99.658	1469	1.381e-002
405	145	-16.63	-60.002	99.019	1469	1.2822e-002
406	72	-25.441	-60.002	119.25	1490	2.281e-002
406	34	-28.739	-60.002	118.01	1490	1.5925e-002
406	31	-28.817	-60.002	117.28	1490	1.4841e-002
406	74	-25.046	-60.002	115.23	1490	1.8116e-002
407	31	-28.817	-60.002	117.28	1490	1.4841e-002
407	21	-29.582	-60.002	117.7	1490	1.4169e-002
407	34	-28.739	-60.002	118.01	1490	1.5925e-002
408	152	-15.243	-60.002	93.984	1491	9.6124e-003
408	154	-15.233	-60.002	93.978	1491	9.6221e-003
408	153	-15.236	-60.002	93.99	1491	9.6304e-003
409	160	-14.183	-60.002	89.002	1491	6.1793e-003
409	154	-15.233	-60.002	93.978	1491	9.6221e-003
409	152	-15.243	-60.002	93.984	1491	9.6124e-003
409	133	-18.303	-60.002	91.534	1491	1.8815e-003
410	153	-15.236	-60.002	93.99	1494	9.6304e-003
410	154	-15.233	-60.002	93.978	1494	9.6221e-003
410	170	-12.527	-60.002	92.836	1494	1.29e-002
410	174	-11.319	-60.002	95.662	1494	1.7928e-002
411	162	-13.369	-60.002	91.456	1494	1.0056e-002
411	169	-12.734	-60.002	89.757	1494	9.3604e-003
411	160	-14.183	-60.002	89.002	1494	6.1793e-003
412	162	-13.369	-60.002	91.456	1494	1.0056e-002
412	160	-14.183	-60.002	89.002	1494	6.1793e-003
412	154	-15.233	-60.002	93.978	1494	9.6221e-003
413	162	-13.369	-60.002	91.456	1494	1.0056e-002
413	154	-15.233	-60.002	93.978	1494	9.6221e-003
413	170	-12.527	-60.002	92.836	1494	1.29e-002
414	162	-13.369	-60.002	91.456	1494	1.0056e-002
414	170	-12.527	-60.002	92.836	1494	1.29e-002
414	172	-12.167	-60.002	91.705	1494	1.2308e-002
415	162	-13.369	-60.002	91.456	1494	1.0056e-002
415	172	-12.167	-60.002	91.705	1494	1.2308e-002
415	169	-12.734	-60.002	89.757	1494	9.3604e-003
416	180	-10.805	-60.002	90.785	1494	1.3608e-002
416	172	-12.167	-60.002	91.705	1494	1.2308e-002
416	169	-12.734	-60.002	89.757	1494	9.3604e-003
417	177	-11.168	-60.002	93.072	1494	1.5394e-002
417	189	-9.1749	-60.002	91.643	1494	1.7173e-002
417	178	-11.013	-60.002	95.801	1494	1.8584e-002
418	177	-11.168	-60.002	93.072	1494	1.5394e-002
418	178	-11.013	-60.002	95.801	1494	1.8584e-002
418	174	-11.319	-60.002	95.662	1494	1.7928e-002
419	177	-11.168	-60.002	93.072	1494	1.5394e-002
419	174	-11.319	-60.002	95.662	1494	1.7928e-002
419	170	-12.527	-60.002	92.836	1494	1.29e-002
420	177	-11.168	-60.002	93.072	1494	1.5394e-002
420	170	-12.527	-60.002	92.836	1494	1.29e-002
420	172	-12.167	-60.002	91.705	1494	1.2308e-002
421	177	-11.168	-60.002	93.072	1494	1.5394e-002
421	172	-12.167	-60.002	91.705	1494	1.2308e-002
421	180	-10.805	-60.002	90.785	1494	1.3608e-002
422	177	-11.168	-60.002	93.072	1494	1.5394e-002
422	180	-10.805	-60.002	90.785	1494	1.3608e-002
422	189	-9.1749	-60.002	91.643	1494	1.7173e-002
423	102	-22.122	-60.002	106.15	1499	1.2022e-002
423	105	-21.769	-60.002	106.23	1499	1.2722e-002
423	100	-22.269	-60.002	105.13	1499	1.0595e-002
424	213	-3.1024	-60.002	91.513	1504	2.6979e-002
424	216	-2.6076	-60.002	89.947	1504	2.6214e-002
424	206	-4.7304	-60.002	90.269	1504	2.3116e-002
425	213	-3.1024	-60.002	91.513	1504	2.6979e-002
425	206	-4.7304	-60.002	90.269	1504	2.3116e-002
425	204	-5.2302	-60.002	91.913	1504	2.3964e-002
426	213	-3.1024	-60.002	91.513	1504	2.6979e-002
426	204	-5.2302	-60.002	91.913	1504	2.3964e-002
426	210	-3.3456	-60.002	93.061	1504	2.8147e-002
427	213	-3.1024	-60.002	91.513	1504	2.6979e-002
427	210	-3.3456	-60.002	93.061	1504	2.8147e-002
427	221	-1.6739	-60.002	92.781	1504	3.0517e-002
428	213	-3.1024	-60.002	91.513	1504	2.6979e-002
428	221	-1.6739	-60.002	92.781	1504	3.0517e-002
428	226	-1.0268	-60.002	91.105	1504	2.9876e-002
429	213	-3.1024	-60.002	91.513	1504	2.6979e-002
429	226	-1.0268	-60.002	91.105	1504	2.9876e-002
429	216	-2.6076	-60.002	89.947	1504	2.6214e-002
430	210	-3.3456	-60.002	93.061	1504	2.8147e-002
430	204	-5.2302	-60.002	91.913	1504	2.3964e-002
430	203	-5.7331	-60.002	93.646	1504	2.4918e-002
431	216	-2.6076	-60.002	89.947	1504	2.6214e-002
431	207	-4.2684	-60.002	88.717	1504	2.2317e-002
431	206	-4.7304	-60.002	90.269	1504	2.3116e-002
432	226	-1.0268	-60.002	91.105	1504	2.9876e-002
432	221	-1.6739	-60.002	92.781	1504	3.0517e-002
432	235	0.89041	-60.002	92.546	1504	3.4313e-002
433	238	1.794	-60.002	89.626	1505	3.2832e-002
433	239	2.3818	-60.002	88.021	1505	3.2187e-002
433	230	2.762e-002	-60.002	88.151	1505	2.861e-002
434	248	3.469	-60.002	85.046	1505	3.1035e-002
434	237	1.5793	-60.002	85.033	1505	2.8037e-002
434	243	2.9719	-60.002	86.393	1505	3.1542e-002
435	212	-3.2396	-60.002	85.416	1505	2.0689e-002
435	220	-1.7466	-60.002	86.653	1505	2.4314e-002
435	223	-1.3628	-60.002	85.195	1505	2.35e-002
436	233	0.64188	-60.002	86.575	1505	2.8042e-002
436	230	2.762e-002	-60.002	88.151	1505	2.861e-002
436	239	2.3818	-60.002	88.021	1505	3.2187e-002
437	233	0.64188	-60.002	86.575	1505	2.8042e-002
437	239	2.3818	-60.002	88.021	1505	3.2187e-002
437	243	2.9719	-60.002	86.393	1505	3.1542e-002
438	233	0.64188	-60.002	86.575	1505	2.8042e-002
438	243	2.9719	-60.002	86.393	1505	3.1542e-002
438	237	1.5793	-60.002	85.033	1505	2.8037e-002
439	233	0.64188	-60.002	86.575	1505	2.8042e-002
439	237	1.5793	-60.002	85.033	1505	2.8037e-002
439	223	-1.3628	-60.002	85.195	1505	2.35e-002
440	233	0.64188	-60.002	86.575	1505	2.8042e-002
440	223	-1.3628	-60.002	85.195	1505	2.35e-002
440	220	-1.7466	-60.002	86.653	1505	2.4314e-002
441	233	0.64188	-60.002	86.575	1505	2.8042e-002
441	220	-1.7466	-60.002	86.653	1505	2.4314e-002
441	230	2.762e-002	-60.002	88.151	1505	2.861e-002
442	435	29.32	-60.002	103.56	1506	8.6066e-002
442	444	30.235	-60.002	105.36	1506	8.9017e-002
442	409	27.348	-60.002	104.61	1506	8.4431e-002
443	492	34.264	-60.002	106.4	1506	9.5242e-002
443	444	30.235	-60.002	105.36	1506	8.9017e-002
443	435	29.32	-60.002	103.56	1506	8.6066e-002
443	465	32.081	-60.002	102.08	1506	8.8358e-002
444	420	28.486	-60.002	135.37	1507	0.11721
444	407	27.152	-60.002	131.12	1507	0.11123
444	394	25.732	-60.002	133.95	1507	0.11248
445	394	25.732	-60.002	133.95	1509	0.11248
445	382	23.987	-60.002	136.51	1509	0.11303
445	420	28.486	-60.002	135.37	1509	0.11721
446	389	25.048	-60.002	104.95	1556	8.166e-002
446	398	26.099	-60.002	106.83	1556	8.4928e-002
446	409	27.348	-60.002	104.61	1556	8.4431e-002
447	409	27.348	-60.002	104.61	1558	8.4431e-002
447	393	25.502	-60.002	104.18	1558	8.1524e-002
447	389	25.048	-60.002	104.95	1558	8.166e-002
448	381	23.912	-60.002	96.368	1573	7.1893e-002
448	386	24.635	-60.002	93.298	1573	7.0054e-002
448	416	28.102	-60.002	96.67	1573	7.7942e-002
449	304	12.912	-60.002	94.79	1617	5.4608e-002
449	309	13.651	-60.002	92.87	1617	5.3834e-002
449	317	14.384	-60.002	95.43	1617	5.7324e-002
450	76	-24.779	-60.002	126.1	1619	3.3143e-002
450	86	-24.139	-60.002	128.26	1619	3.7102e-002
450	57	-26.803	-60.002	126.05	1619	2.9929e-002
451	55	-26.821	-60.002	124.82	1619	2.8225e-002
451	76	-24.779	-60.002	126.1	1619	3.3143e-002
451	57	-26.803	-60.002	126.05	1619	2.9929e-002
452	55	-26.821	-60.002	124.82	1619	2.8225e-002
452	57	-26.803	-60.002	126.05	1619	2.9929e-002
452	39	-28.387	-60.002	124.63	1619	2.5494e-002
453	55	-26.821	-60.002	124.82	1619	2.8225e-002
453	39	-28.387	-60.002	124.63	1619	2.5494e-002
453	29	-28.877	-60.002	123.95	1619	2.3781e-002
454	55	-26.821	-60.002	124.82	1619	2.8225e-002
454	29	-28.877	-60.002	123.95	1619	2.3781e-002
454	73	-25.256	-60.002	123.39	1619	2.8682e-002
455	55	-26.821	-60.002	124.82	1619	2.8225e-002
455	73	-25.256	-60.002	123.39	1619	2.8682e-002
455	76	-24.779	-60.002	126.1	1619	3.3143e-002
456	29	-28.877	-60.002	123.95	1619	2.3781e-002
456	39	-28.387	-60.002	124.63	1619	2.5494e-002
456	25	-29.12	-60.002	123.99	1619	2.3445e-002
457	164	-13.037	-60.002	147.21	1620	7.816e-002
457	167	-12.864	-60.002	143.11	1620	7.29e-002
457	179	-10.813	-60.002	144.21	1620	7.7151e-002
458	327	16.622	-60.002	94.271	1623	5.95e-002
458	324	15.789	-60.002	96.237	1623	6.0166e-002
458	317	14.384	-60.002	95.43	1623	5.7324e-002
459	458	31.29	-60.002	128.24	1628	0.11316
459	452	31.053	-60.002	129.29	1628	0.11397
459	421	28.59	-60.002	127.14	1628	0.10884
460	458	31.29	-60.002	128.24	1628	0.11316
460	421	28.59	-60.002	127.14	1628	0.10884
460	457	31.284	-60.002	126.93	1628	0.1118
461	458	31.29	-60.002	128.24	1628	0.11316
461	457	31.284	-60.002	126.93	1628	0.1118
461	477	32.935	-60.002	128.62	1628	0.11549
462	458	31.29	-60.002	128.24	1628	0.11316
462	477	32.935	-60.002	128.62	1628	0.11549
462	471	32.59	-60.002	129.22	1628	0.1157
463	458	31.29	-60.002	128.24	1628	0.11316
463	471	32.59	-60.002	129.22	1628	0.1157
463	452	31.053	-60.002	129.29	1628	0.11397
464	486	33.682	-60.002	128.09	1628	0.11583
464	501	35.822	-60.002	129.06	1628	0.11936
464	489	33.916	-60.002	126.73	1628	0.1147
465	486	33.682	-60.002	128.09	1628	0.11583
465	489	33.916	-60.002	126.73	1628	0.1147
465	457	31.284	-60.002	126.93	1628	0.1118
466	486	33.682	-60.002	128.09	1628	0.11583
466	457	31.284	-60.002	126.93	1628	0.1118
466	477	32.935	-60.002	128.62	1628	0.11549
467	486	33.682	-60.002	128.09	1628	0.11583
467	477	32.935	-60.002	128.62	1628	0.11549
467	493	34.453	-60.002	129.13	1628	0.11781
468	486	33.682	-60.002	128.09	1628	0.11583
468	493	34.453	-60.002	129.13	1628	0.11781
468	501	35.822	-60.002	129.06	1628	0.11936
469	477	32.935	-60.002	128.62	1628	0.11549
469	493	34.453	-60.002	129.13	1628	0.11781
469	471	32.59	-60.002	129.22	1628	0.1157
470	151	-15.802	-60.002	146.14	1701	7.3039e-002
470	163	-13.15	-60.002	147.32	1701	7.8163e-002
470	164	-13.037	-60.002	147.21	1701	7.816e-002
471	151	-15.802	-60.002	146.14	1701	7.3039e-002
471	164	-13.037	-60.002	147.21	1701	7.816e-002
471	138	-17.688	-60.002	143.98	1701	6.7556e-002
472	151	-15.802	-60.002	146.14	1701	7.3039e-002
472	138	-17.688	-60.002	143.98	1701	6.7556e-002
472	137	-17.774	-60.002	144.12	1701	6.7619e-002
473	151	-15.802	-60.002	146.14	1701	7.3039e-002
473	137	-17.774	-60.002	144.12	1701	6.7619e-002
473	143	-16.987	-60.002	146.84	1701	7.2374e-002
474	151	-15.802	-60.002	146.14	1701	7.3039e-002
474	143	-16.987	-60.002	146.84	1701	7.2374e-002
474	147	-16.176	-60.002	147.4	1701	7.4229e-002
475	151	-15.802	-60.002	146.14	1701	7.3039e-002
475	147	-16.176	-60.002	147.4	1701	7.4229e-002
475	163	-13.15	-60.002	147.32	1701	7.8163e-002
476	155	-15.17	-60.002	149.36	1701	7.8224e-002
476	147	-16.176	-60.002	147.4	1701	7.4229e-002
476	163	-13.15	-60.002	147.32	1701	7.8163e-002
477	143	-16.987	-60.002	146.84	1701	7.2374e-002
477	129	-19.315	-60.002	146.49	1701	6.873e-002
477	137	-17.774	-60.002	144.12	1701	6.7619e-002
478	142	-17.226	-60.002	147.91	1701	7.3501e-002
478	120	-19.84	-60.002	147.3	1701	6.9115e-002
478	150	-15.866	-60.002	150.06	1701	7.823e-002
479	142	-17.226	-60.002	147.91	1701	7.3501e-002
479	150	-15.866	-60.002	150.06	1701	7.823e-002
479	155	-15.17	-60.002	149.36	1701	7.8224e-002
480	142	-17.226	-60.002	147.91	1701	7.3501e-002
480	155	-15.17	-60.002	149.36	1701	7.8224e-002
480	147	-16.176	-60.002	147.4	1701	7.4229e-002
481	142	-17.226	-60.002	147.91	1701	7.3501e-002
481	147	-16.176	-60.002	147.4	1701	7.4229e-002
481	143	-16.987	-60.002	146.84	1701	7.2374e-002
482	142	-17.226	-60.002	147.91	1701	7.3501e-002
482	143	-16.987	-60.002	146.84	1701	7.2374e-002
482	129	-19.315	-60.002	146.49	1701	6.873e-002
483	142	-17.226	-60.002	147.91	1701	7.3501e-002
483	129	-19.315	-60.002	146.49	1701	6.873e-002
483	120	-19.84	-60.002	147.3	1701	6.9115e-002
484	135	-18.034	-60.002	142.66	1702	6.5355e-002
484	136	-17.966	-60.002	143.93	1702	6.7106e-002
484	138	-17.688	-60.002	143.98	1702	6.7556e-002
485	135	-18.034	-60.002	142.66	1702	6.5355e-002
485	138	-17.688	-60.002	143.98	1702	6.7556e-002
485	157	-14.673	-60.002	141.78	1702	6.8686e-002
486	135	-18.034	-60.002	142.66	1702	6.5355e-002
486	157	-14.673	-60.002	141.78	1702	6.8686e-002
486	124	-19.404	-60.002	141.03	1702	6.1307e-002
487	135	-18.034	-60.002	142.66	1702	6.5355e-002
487	124	-19.404	-60.002	141.03	1702	6.1307e-002
487	115	-20.439	-60.002	142.59	1702	6.1943e-002
488	135	-18.034	-60.002	142.66	1702	6.5355e-002
488	115	-20.439	-60.002	142.59	1702	6.1943e-002
488	136	-17.966	-60.002	143.93	1702	6.7106e-002
489	93	-22.932	-60.002	142.97	1702	5.8938e-002
489	115	-20.439	-60.002	142.59	1702	6.1943e-002
489	136	-17.966	-60.002	143.93	1702	6.7106e-002
490	96	-22.381	-60.002	141.89	1702	5.8295e-002
490	77	-24.656	-60.002	142.62	1702	5.6011e-002
490	82	-24.476	-60.002	140.22	1702	5.3094e-002
491	96	-22.381	-60.002	141.89	1702	5.8295e-002
491	82	-24.476	-60.002	140.22	1702	5.3094e-002
491	124	-19.404	-60.002	141.03	1702	6.1307e-002
492	96	-22.381	-60.002	141.89	1702	5.8295e-002
492	124	-19.404	-60.002	141.03	1702	6.1307e-002
492	115	-20.439	-60.002	142.59	1702	6.1943e-002
493	96	-22.381	-60.002	141.89	1702	5.8295e-002
493	115	-20.439	-60.002	142.59	1702	6.1943e-002
493	93	-22.932	-60.002	142.97	1702	5.8938e-002
494	96	-22.381	-60.002	141.89	1702	5.8295e-002
494	93	-22.932	-60.002	142.97	1702	5.8938e-002
494	77	-24.656	-60.002	142.62	1702	5.6011e-002
495	83	-24.457	-60.002	133.36	1703	4.3599e-002
495	108	-21.431	-60.002	133.7	1703	4.8587e-002
495	88	-23.415	-60.002	130.38	1703	4.1081e-002
496	157	-14.673	-60.002	141.78	1704	6.8686e-002
496	123	-19.404	-60.002	141.03	1704	6.1307e-002
496	113	-21.024	-60.002	138.25	1704	5.526e-002
496	127	-19.316	-60.002	137.33	1704	5.6449e-002
497	82	-24.476	-60.002	140.22	1704	5.3094e-002
497	123	-19.404	-60.002	141.03	1704	6.1307e-002
497	113	-21.024	-60.002	138.25	1704	5.526e-002
497	81	-24.498	-60.002	135.52	1704	4.6517e-002
498	101	-22.145	-60.002	135.63	1704	5.0119e-002
498	83	-24.457	-60.002	133.36	1704	4.3599e-002
498	108	-21.431	-60.002	133.7	1704	4.8587e-002
499	101	-22.145	-60.002	135.63	1704	5.0119e-002
499	108	-21.431	-60.002	133.7	1704	4.8587e-002
499	127	-19.316	-60.002	137.33	1704	5.6449e-002
500	101	-22.145	-60.002	135.63	1704	5.0119e-002
500	127	-19.316	-60.002	137.33	1704	5.6449e-002
500	113	-21.024	-60.002	138.25	1704	5.526e-002
501	101	-22.145	-60.002	135.63	1704	5.0119e-002
501	113	-21.024	-60.002	138.25	1704	5.526e-002
501	81	-24.498	-60.002	135.52	1704	4.6517e-002
502	101	-22.145	-60.002	135.63	1704	5.0119e-002
502	81	-24.498	-60.002	135.52	1704	4.6517e-002
502	83	-24.457	-60.002	133.36	1704	4.3599e-002
503	164	-13.037	-60.002	147.21	1706	7.816e-002
503	138	-17.688	-60.002	143.98	1706	6.7556e-002
503	158	-14.408	-60.002	144.45	1706	7.257e-002
504	138	-17.688	-60.002	143.98	1707	6.7556e-002
504	157	-14.673	-60.002	141.78	1707	6.8686e-002
504	158	-14.408	-60.002	144.45	1707	7.257e-002
505	254	5.3923	-60.002	149.46	1720	0.10496
505	247	3.3946	-60.002	151.37	1720	0.10485
505	245	3.0062	-60.002	150.94	1720	0.10382
506	254	5.3923	-60.002	149.46	1720	0.10496
506	245	3.0062	-60.002	150.94	1720	0.10382
506	260	6.6526	-60.002	147.08	1720	0.10357
507	254	5.3923	-60.002	149.46	1720	0.10496
507	260	6.6526	-60.002	147.08	1720	0.10357
507	265	7.1368	-60.002	147.37	1720	0.10453
508	254	5.3923	-60.002	149.46	1720	0.10496
508	265	7.1368	-60.002	147.37	1720	0.10453
508	261	6.7711	-60.002	150.56	1720	0.10802
509	254	5.3923	-60.002	149.46	1720	0.10496
509	261	6.7711	-60.002	150.56	1720	0.10802
509	247	3.3946	-60.002	151.37	1720	0.10485
510	257	6.2878	-60.002	152.16	1720	0.1094
510	266	7.2712	-60.002	150.95	1720	0.10911
510	269	7.6321	-60.002	153.19	1720	0.11229
511	257	6.2878	-60.002	152.16	1720	0.1094
511	269	7.6321	-60.002	153.19	1720	0.11229
511	258	6.3698	-60.002	154.71	1720	0.11264
512	257	6.2878	-60.002	152.16	1720	0.1094
512	258	6.3698	-60.002	154.71	1720	0.11264
512	247	3.3946	-60.002	151.37	1720	0.10485
513	257	6.2878	-60.002	152.16	1720	0.1094
513	247	3.3946	-60.002	151.37	1720	0.10485
513	261	6.7711	-60.002	150.56	1720	0.10802
514	257	6.2878	-60.002	152.16	1720	0.1094
514	261	6.7711	-60.002	150.56	1720	0.10802
514	266	7.2712	-60.002	150.95	1720	0.10911
515	273	8.3224	-60.002	149.79	1720	0.10897
515	261	6.7711	-60.002	150.56	1720	0.10802
515	265	7.1368	-60.002	147.37	1720	0.10453
516	273	8.3224	-60.002	149.79	1720	0.10897
516	265	7.1368	-60.002	147.37	1720	0.10453
516	290	10.85	-60.002	149.26	1720	0.11137
517	273	8.3224	-60.002	149.79	1720	0.10897
517	290	10.85	-60.002	149.26	1720	0.11137
517	280	9.583	-60.002	150.8	1720	0.11172
518	273	8.3224	-60.002	149.79	1720	0.10897
518	280	9.583	-60.002	150.8	1720	0.11172
518	266	7.2712	-60.002	150.95	1720	0.10911
519	273	8.3224	-60.002	149.79	1720	0.10897
519	266	7.2712	-60.002	150.95	1720	0.10911
519	261	6.7711	-60.002	150.56	1720	0.10802
520	266	7.2712	-60.002	150.95	1720	0.10911
520	280	9.583	-60.002	150.8	1720	0.11172
520	269	7.6321	-60.002	153.19	1720	0.11229
521	312	13.96	-60.002	144.77	1723	0.10989
521	290	10.85	-60.002	149.26	1723	0.11137
521	295	11.279	-60.002	145.9	1723	0.1079
522	234	0.82924	-60.002	147.43	1752	9.6666e-002
522	245	3.0062	-60.002	150.94	1752	0.10382
522	241	2.6895	-60.002	147.49	1752	9.9077e-002
523	219	-2.2841	-60.002	150.35	1753	9.6434e-002
523	245	3.0062	-60.002	150.94	1753	0.10382
523	234	0.82924	-60.002	147.43	1753	9.6666e-002
524	393	25.502	-60.002	104.18	1824	8.1524e-002
524	384	24.239	-60.002	103.85	1824	7.9497e-002
524	389	25.048	-60.002	104.95	1824	8.166e-002
525	106	-21.616	-60.002	103.8	1832	1.0107e-002
525	107	-21.435	-60.002	105.72	1832	1.2689e-002
525	100	-22.269	-60.002	105.13	1832	1.0595e-002
526	106	-21.616	-60.002	103.8	1832	1.0107e-002
526	100	-22.269	-60.002	105.13	1832	1.0595e-002
526	94	-22.905	-60.002	102.27	1832	6.1908e-003
527	106	-21.616	-60.002	103.8	1832	1.0107e-002
527	94	-22.905	-60.002	102.27	1832	6.1908e-003
527	109	-21.349	-60.002	102.18	1832	8.6581e-003
528	106	-21.616	-60.002	103.8	1832	1.0107e-002
528	109	-21.349	-60.002	102.18	1832	8.6581e-003
528	118	-20.124	-60.002	103.71	1832	1.2441e-002
529	106	-21.616	-60.002	103.8	1832	1.0107e-002
529	118	-20.124	-60.002	103.71	1832	1.2441e-002
529	107	-21.435	-60.002	105.72	1832	1.2689e-002
530	87	-23.509	-60.002	99.493	1832	2.049e-003
530	94	-22.905	-60.002	102.27	1832	6.1908e-003
530	109	-21.349	-60.002	102.18	1832	8.6581e-003
530	112	-21.098	-60.002	100.84	1832	7.5488e-003
531	130	-18.841	-60.002	102.11	1832	1.2651e-002
531	118	-20.124	-60.002	103.71	1832	1.2441e-002
531	109	-21.349	-60.002	102.18	1832	8.6581e-003
531	112	-21.098	-60.002	100.84	1832	7.5488e-003
532	87	-23.509	-60.002	99.493	1833	2.049e-003
532	95	-22.905	-60.002	102.27	1833	6.1908e-003
532	79	-24.563	-60.002	102.12	1833	3.2059e-003
532	62	-26.444	-60.002	99.68	1833	-2.7368e-003
533	79	-24.563	-60.002	102.12	1833	3.2059e-003
533	95	-22.905	-60.002	102.27	1833	6.1908e-003
533	100	-22.269	-60.002	105.13	1833	1.0595e-002
534	91	-23.075	-60.002	106.52	1834	1.0875e-002
534	102	-22.122	-60.002	106.15	1834	1.2022e-002
534	100	-22.269	-60.002	105.13	1834	1.0595e-002
535	75	-24.913	-60.002	104.49	1835	5.388e-003
535	78	-24.563	-60.002	102.12	1835	3.2059e-003
535	100	-22.269	-60.002	105.13	1835	1.0595e-002
536	75	-24.913	-60.002	104.49	1835	5.388e-003
536	100	-22.269	-60.002	105.13	1835	1.0595e-002
536	91	-23.075	-60.002	106.52	1835	1.0875e-002
537	75	-24.913	-60.002	104.49	1835	5.388e-003
537	91	-23.075	-60.002	106.52	1835	1.0875e-002
537	58	-26.78	-60.002	105.96	1835	4.0133e-003
538	75	-24.913	-60.002	104.49	1835	5.388e-003
538	58	-26.78	-60.002	105.96	1835	4.0133e-003
538	60	-26.758	-60.002	104.24	1835	2.0291e-003
539	75	-24.913	-60.002	104.49	1835	5.388e-003
539	60	-26.758	-60.002	104.24	1835	2.0291e-003
539	67	-26.033	-60.002	102.99	1835	1.7622e-003
540	75	-24.913	-60.002	104.49	1835	5.388e-003
540	67	-26.033	-60.002	102.99	1835	1.7622e-003
540	78	-24.563	-60.002	102.12	1835	3.2059e-003
541	52	-27.488	-60.002	101.25	1835	-2.6454e-003
541	62	-26.444	-60.002	99.68	1835	-2.7368e-003
541	78	-24.563	-60.002	102.12	1835	3.2059e-003
541	67	-26.033	-60.002	102.99	1835	1.7622e-003
542	58	-26.78	-60.002	105.96	1835	4.0133e-003
542	20	-29.803	-60.002	105.5	1835	-1.4691e-003
542	28	-28.962	-60.002	103.81	1835	-2.0895e-003
542	60	-26.758	-60.002	104.24	1835	2.0291e-003
543	52	-27.488	-60.002	101.25	1835	-2.6454e-003
543	28	-28.962	-60.002	103.81	1835	-2.0895e-003
543	60	-26.758	-60.002	104.24	1835	2.0291e-003
543	67	-26.033	-60.002	102.99	1835	1.7622e-003
544	161	-14.037	-60.002	97.685	1836	1.5586e-002
544	153	-15.236	-60.002	93.99	1836	9.6304e-003
544	174	-11.319	-60.002	95.662	1836	1.7928e-002
544	176	-11.168	-60.002	95.877	1836	1.8407e-002
545	174	-11.319	-60.002	95.662	1836	1.7928e-002
545	176	-11.168	-60.002	95.877	1836	1.8407e-002
545	178	-11.013	-60.002	95.801	1836	1.8584e-002
546	153	-15.236	-60.002	93.99	1838	9.6304e-003
546	149	-16.046	-60.002	99.295	1838	1.4093e-002
546	161	-14.037	-60.002	97.685	1838	1.5586e-002
547	148	-16.099	-60.002	96.407	1839	1.082e-002
547	152	-15.243	-60.002	93.984	1839	9.6124e-003
547	153	-15.236	-60.002	93.99	1839	9.6304e-003
548	148	-16.099	-60.002	96.407	1839	1.082e-002
548	153	-15.236	-60.002	93.99	1839	9.6304e-003
548	149	-16.046	-60.002	99.295	1839	1.4093e-002
549	148	-16.099	-60.002	96.407	1839	1.082e-002
549	149	-16.046	-60.002	99.295	1839	1.4093e-002
549	144	-16.63	-60.002	99.019	1839	1.2822e-002
550	148	-16.099	-60.002	96.407	1839	1.082e-002
550	144	-16.63	-60.002	99.019	1839	1.2822e-002
550	141	-17.341	-60.002	95.745	1839	8.0371e-003
551	148	-16.099	-60.002	96.407	1839	1.082e-002
551	141	-17.341	-60.002	95.745	1839	8.0371e-003
551	152	-15.243	-60.002	93.984	1839	9.6124e-003
552	140	-17.415	-60.002	93.996	1839	6.0115e-003
552	139	-17.571	-60.002	95.602	1839	7.4981e-003
552	132	-18.619	-60.002	93.113	1839	3.0479e-003
553	140	-17.415	-60.002	93.996	1839	6.0115e-003
553	132	-18.619	-60.002	93.113	1839	3.0479e-003
553	133	-18.303	-60.002	91.534	1839	1.8815e-003
554	140	-17.415	-60.002	93.996	1839	6.0115e-003
554	133	-18.303	-60.002	91.534	1839	1.8815e-003
554	152	-15.243	-60.002	93.984	1839	9.6124e-003
555	140	-17.415	-60.002	93.996	1839	6.0115e-003
555	152	-15.243	-60.002	93.984	1839	9.6124e-003
555	141	-17.341	-60.002	95.745	1839	8.0371e-003
556	140	-17.415	-60.002	93.996	1839	6.0115e-003
556	141	-17.341	-60.002	95.745	1839	8.0371e-003
556	139	-17.571	-60.002	95.602	1839	7.4981e-003
557	134	-18.072	-60.002	97.004	1839	8.2009e-003
557	141	-17.341	-60.002	95.745	1839	8.0371e-003
557	144	-16.63	-60.002	99.019	1839	1.2822e-002
558	134	-18.072	-60.002	97.004	1839	8.2009e-003
558	144	-16.63	-60.002	99.019	1839	1.2822e-002
558	122	-19.485	-60.002	97.713	1839	6.6331e-003
559	134	-18.072	-60.002	97.004	1839	8.2009e-003
559	122	-19.485	-60.002	97.713	1839	6.6331e-003
559	126	-19.336	-60.002	96.94	1839	6.0255e-003
560	134	-18.072	-60.002	97.004	1839	8.2009e-003
560	126	-19.336	-60.002	96.94	1839	6.0255e-003
560	139	-17.571	-60.002	95.602	1839	7.4981e-003
561	134	-18.072	-60.002	97.004	1839	8.2009e-003
561	139	-17.571	-60.002	95.602	1839	7.4981e-003
561	141	-17.341	-60.002	95.745	1839	8.0371e-003
562	139	-17.571	-60.002	95.602	1839	7.4981e-003
562	126	-19.336	-60.002	96.94	1839	6.0255e-003
562	132	-18.619	-60.002	93.113	1839	3.0479e-003
563	119	-19.97	-60.002	97.492	1840	5.5849e-003
563	122	-19.485	-60.002	97.713	1840	6.6331e-003
563	125	-19.336	-60.002	96.94	1840	6.0255e-003
564	116	-20.355	-60.002	95.207	1840	2.4238e-003
564	119	-19.97	-60.002	97.492	1840	5.5849e-003
564	125	-19.336	-60.002	96.94	1840	6.0255e-003
565	116	-20.355	-60.002	95.207	1840	2.4238e-003
565	125	-19.336	-60.002	96.94	1840	6.0255e-003
565	131	-18.619	-60.002	93.113	1840	3.0479e-003
566	116	-20.355	-60.002	95.207	1840	2.4238e-003
566	131	-18.619	-60.002	93.113	1840	3.0479e-003
566	121	-19.802	-60.002	92.685	1840	6.0186e-004
567	116	-20.355	-60.002	95.207	1840	2.4238e-003
567	121	-19.802	-60.002	92.685	1840	6.0186e-004
567	104	-22.024	-60.002	94.62	1840	-1.0159e-003
568	116	-20.355	-60.002	95.207	1840	2.4238e-003
568	104	-22.024	-60.002	94.62	1840	-1.0159e-003
568	98	-22.38	-60.002	96.39	1840	3.452e-004
569	116	-20.355	-60.002	95.207	1840	2.4238e-003
569	98	-22.38	-60.002	96.39	1840	3.452e-004
569	119	-19.97	-60.002	97.492	1840	5.5849e-003
570	121	-19.802	-60.002	92.685	1840	6.0186e-004
570	131	-18.619	-60.002	93.113	1840	3.0479e-003
570	133	-18.303	-60.002	91.534	1840	1.8815e-003
571	104	-22.024	-60.002	94.62	1840	-1.0159e-003
571	90	-23.37	-60.002	95.947	1840	-1.8078e-003
571	98	-22.38	-60.002	96.39	1840	3.452e-004
572	455	31.181	-60.002	110.91	1844	9.5593e-002
572	473	32.776	-60.002	111.51	1844	9.8212e-002
572	467	32.147	-60.002	109.5	1844	9.5471e-002
573	502	36.27	-60.002	112.81	1844	0.10391
573	500	35.819	-60.002	110.98	1844	0.10159
573	495	34.819	-60.002	112.26	1844	0.10154
574	492	34.264	-60.002	106.4	1844	9.5242e-002
574	479	33.39	-60.002	107.69	1844	9.5345e-002
574	496	34.939	-60.002	108.16	1844	9.7784e-002
575	490	33.982	-60.002	110.02	1844	9.8323e-002
575	467	32.147	-60.002	109.5	1844	9.5471e-002
575	473	32.776	-60.002	111.51	1844	9.8212e-002
576	490	33.982	-60.002	110.02	1844	9.8323e-002
576	473	32.776	-60.002	111.51	1844	9.8212e-002
576	495	34.819	-60.002	112.26	1844	0.10154
577	490	33.982	-60.002	110.02	1844	9.8323e-002
577	495	34.819	-60.002	112.26	1844	0.10154
577	500	35.819	-60.002	110.98	1844	0.10159
578	490	33.982	-60.002	110.02	1844	9.8323e-002
578	500	35.819	-60.002	110.98	1844	0.10159
578	496	34.939	-60.002	108.16	1844	9.7784e-002
579	490	33.982	-60.002	110.02	1844	9.8323e-002
579	496	34.939	-60.002	108.16	1844	9.7784e-002
579	479	33.39	-60.002	107.69	1844	9.5345e-002
580	490	33.982	-60.002	110.02	1844	9.8323e-002
580	479	33.39	-60.002	107.69	1844	9.5345e-002
580	467	32.147	-60.002	109.5	1844	9.5471e-002
581	327	16.622	-60.002	94.271	1847	5.95e-002
581	354	20.681	-60.002	93.781	1847	6.4869e-002
581	333	17.883	-60.002	91.841	1847	5.9041e-002
582	386	24.635	-60.002	93.298	1847	7.0054e-002
582	375	23.152	-60.002	92.127	1847	6.687e-002
582	365	21.718	-60.002	93.65	1847	6.6229e-002
583	342	19.114	-60.002	89.47	1847	5.8615e-002
583	337	18.208	-60.002	91.216	1847	5.8927e-002
583	357	20.731	-60.002	90.448	1847	6.1853e-002
584	352	20.395	-60.002	92.177	1847	6.2972e-002
584	333	17.883	-60.002	91.841	1847	5.9041e-002
584	354	20.681	-60.002	93.781	1847	6.4869e-002
585	352	20.395	-60.002	92.177	1847	6.2972e-002
585	354	20.681	-60.002	93.781	1847	6.4869e-002
585	365	21.718	-60.002	93.65	1847	6.6229e-002
586	352	20.395	-60.002	92.177	1847	6.2972e-002
586	365	21.718	-60.002	93.65	1847	6.6229e-002
586	375	23.152	-60.002	92.127	1847	6.687e-002
587	352	20.395	-60.002	92.177	1847	6.2972e-002
587	375	23.152	-60.002	92.127	1847	6.687e-002
587	357	20.731	-60.002	90.448	1847	6.1853e-002
588	352	20.395	-60.002	92.177	1847	6.2972e-002
588	357	20.731	-60.002	90.448	1847	6.1853e-002
588	337	18.208	-60.002	91.216	1847	5.8927e-002
589	352	20.395	-60.002	92.177	1847	6.2972e-002
589	337	18.208	-60.002	91.216	1847	5.8927e-002
589	333	17.883	-60.002	91.841	1847	5.9041e-002
590	320	14.741	-60.002	87.406	1849	5.0342e-002
590	306	12.958	-60.002	86.78	1849	4.7124e-002
590	311	13.943	-60.002	87.623	1849	4.9381e-002
591	272	8.2755	-60.002	85.578	1849	3.8952e-002
591	276	8.7424	-60.002	86.153	1849	4.0227e-002
591	287	10.122	-60.002	85.978	1849	4.2129e-002
592	294	11.279	-60.002	87.035	1849	4.4883e-002
592	276	8.7424	-60.002	86.153	1849	4.0227e-002
592	288	10.629	-60.002	88.639	1849	4.5453e-002
593	294	11.279	-60.002	87.035	1849	4.4883e-002
593	288	10.629	-60.002	88.639	1849	4.5453e-002
593	311	13.943	-60.002	87.623	1849	4.9381e-002
594	294	11.279	-60.002	87.035	1849	4.4883e-002
594	311	13.943	-60.002	87.623	1849	4.9381e-002
594	306	12.958	-60.002	86.78	1849	4.7124e-002
595	294	11.279	-60.002	87.035	1849	4.4883e-002
595	306	12.958	-60.002	86.78	1849	4.7124e-002
595	287	10.122	-60.002	85.978	1849	4.2129e-002
596	294	11.279	-60.002	87.035	1849	4.4883e-002
596	287	10.122	-60.002	85.978	1849	4.2129e-002
596	276	8.7424	-60.002	86.153	1849	4.0227e-002
597	460	31.64	-60.002	121.73	1856	0.10693
597	437	29.529	-60.002	119.56	1856	0.10216
597	436	29.391	-60.002	122.06	1856	0.10452
598	489	33.916	-60.002	126.73	1884	0.1147
598	456	31.284	-60.002	126.93	1884	0.1118
598	454	31.086	-60.002	124.95	1884	0.10953
598	469	32.499	-60.002	123.54	1884	0.10979
599	421	28.59	-60.002	127.14	1884	0.10884
599	456	31.284	-60.002	126.93	1884	0.1118
599	454	31.086	-60.002	124.95	1884	0.10953
599	432	29.266	-60.002	123.78	1884	0.10615
600	450	30.776	-60.002	123.21	1884	0.10738
600	436	29.391	-60.002	122.06	1884	0.10452
600	460	31.64	-60.002	121.73	1884	0.10693
601	450	30.776	-60.002	123.21	1884	0.10738
601	460	31.64	-60.002	121.73	1884	0.10693
601	469	32.499	-60.002	123.54	1884	0.10979
602	450	30.776	-60.002	123.21	1884	0.10738
602	469	32.499	-60.002	123.54	1884	0.10979
602	454	31.086	-60.002	124.95	1884	0.10953
603	450	30.776	-60.002	123.21	1884	0.10738
603	454	31.086	-60.002	124.95	1884	0.10953
603	432	29.266	-60.002	123.78	1884	0.10615
604	450	30.776	-60.002	123.21	1884	0.10738
604	432	29.266	-60.002	123.78	1884	0.10615
604	436	29.391	-60.002	122.06	1884	0.10452
605	423	28.7	-60.002	133.09	1909	0.1151
605	407	27.152	-60.002	131.12	1909	0.11123
605	420	28.486	-60.002	135.37	1909	0.11721
606	423	28.7	-60.002	133.09	1909	0.1151
606	420	28.486	-60.002	135.37	1909	0.11721
606	439	29.627	-60.002	135.37	1909	0.11855
607	423	28.7	-60.002	133.09	1909	0.1151
607	439	29.627	-60.002	135.37	1909	0.11855
607	445	30.314	-60.002	132.79	1909	0.1167
608	423	28.7	-60.002	133.09	1909	0.1151
608	445	30.314	-60.002	132.79	1909	0.1167
608	414	27.92	-60.002	130.8	1909	0.11181
609	423	28.7	-60.002	133.09	1909	0.1151
609	414	27.92	-60.002	130.8	1909	0.11181
609	407	27.152	-60.002	131.12	1909	0.11123
610	449	30.73	-60.002	132.7	1909	0.11709
610	463	31.83	-60.002	131.25	1909	0.11689
610	475	32.779	-60.002	133.6	1909	0.12043
611	459	31.383	-60.002	133.96	1909	0.11916
611	475	32.779	-60.002	133.6	1909	0.12043
611	480	33.466	-60.002	135.36	1909	0.12303
612	459	31.383	-60.002	133.96	1909	0.11916
612	480	33.466	-60.002	135.36	1909	0.12303
612	439	29.627	-60.002	135.37	1909	0.11855
613	459	31.383	-60.002	133.96	1909	0.11916
613	439	29.627	-60.002	135.37	1909	0.11855
613	445	30.314	-60.002	132.79	1909	0.1167
614	459	31.383	-60.002	133.96	1909	0.11916
614	445	30.314	-60.002	132.79	1909	0.1167
614	449	30.73	-60.002	132.7	1909	0.11709
615	459	31.383	-60.002	133.96	1909	0.11916
615	449	30.73	-60.002	132.7	1909	0.11709
615	475	32.779	-60.002	133.6	1909	0.12043
616	446	30.369	-60.002	131.37	1909	0.11529
616	463	31.83	-60.002	131.25	1909	0.11689
616	452	31.053	-60.002	129.29	1909	0.11397
617	446	30.369	-60.002	131.37	1909	0.11529
617	452	31.053	-60.002	129.29	1909	0.11397
617	414	27.92	-60.002	130.8	1909	0.11181
618	446	30.369	-60.002	131.37	1909	0.11529
618	414	27.92	-60.002	130.8	1909	0.11181
618	445	30.314	-60.002	132.79	1909	0.1167
619	446	30.369	-60.002	131.37	1909	0.11529
619	445	30.314	-60.002	132.79	1909	0.1167
619	449	30.73	-60.002	132.7	1909	0.11709
620	446	30.369	-60.002	131.37	1909	0.11529
620	449	30.73	-60.002	132.7	1909	0.11709
620	463	31.83	-60.002	131.25	1909	0.11689
621	413	27.92	-60.002	130.8	1910	0.11181
621	407	27.152	-60.002	131.12	1910	0.11123
621	410	27.45	-60.002	130.49	1910	0.11093
622	421	28.59	-60.002	127.14	1910	0.10884
622	410	27.45	-60.002	130.49	1910	0.11093
622	413	27.92	-60.002	130.8	1910	0.11181
622	452	31.053	-60.002	129.29	1910	0.11397
623	427	29.071	-60.002	136.33	1912	0.1189
623	420	28.486	-60.002	135.37	1912	0.11721
623	438	29.627	-60.002	135.37	1912	0.11855
624	480	33.466	-60.002	135.36	1912	0.12303
624	438	29.627	-60.002	135.37	1912	0.11855
624	427	29.071	-60.002	136.33	1912	0.1189
624	451	31.048	-60.002	139.54	1912	0.12459
625	167	-12.864	-60.002	143.11	2870	7.29e-002
625	164	-13.037	-60.002	147.21	2870	7.816e-002
625	158	-14.408	-60.002	144.45	2870	7.257e-002
626	158	-14.408	-60.002	144.45	2871	7.257e-002
626	157	-14.673	-60.002	141.78	2871	6.8686e-002
626	167	-12.864	-60.002	143.11	2871	7.29e-002
627	368	22.292	-60.002	94.717	2897	6.8041e-002
627	386	24.635	-60.002	93.298	2897	7.0054e-002
627	381	23.912	-60.002	96.368	2897	7.1893e-002
628	368	22.292	-60.002	94.717	2897	6.8041e-002
628	381	23.912	-60.002	96.368	2897	7.1893e-002
628	347	20.234	-60.002	96.281	2897	6.6582e-002
629	368	22.292	-60.002	94.717	2897	6.8041e-002
629	347	20.234	-60.002	96.281	2897	6.6582e-002
629	361	20.96	-60.002	93.988	2897	6.5461e-002
630	368	22.292	-60.002	94.717	2897	6.8041e-002
630	361	20.96	-60.002	93.988	2897	6.5461e-002
630	364	21.718	-60.002	93.65	2897	6.6229e-002
631	368	22.292	-60.002	94.717	2897	6.8041e-002
631	364	21.718	-60.002	93.65	2897	6.6229e-002
631	386	24.635	-60.002	93.298	2897	7.0054e-002
632	339	18.857	-60.002	94.912	2897	6.3317e-002
632	327	16.622	-60.002	94.271	2897	5.95e-002
632	324	15.789	-60.002	96.237	2897	6.0166e-002
633	339	18.857	-60.002	94.912	2897	6.3317e-002
633	324	15.789	-60.002	96.237	2897	6.0166e-002
633	347	20.234	-60.002	96.281	2897	6.6582e-002
634	339	18.857	-60.002	94.912	2897	6.3317e-002
634	347	20.234	-60.002	96.281	2897	6.6582e-002
634	361	20.96	-60.002	93.988	2897	6.5461e-002
635	339	18.857	-60.002	94.912	2897	6.3317e-002
635	361	20.96	-60.002	93.988	2897	6.5461e-002
635	355	20.681	-60.002	93.781	2897	6.4869e-002
636	339	18.857	-60.002	94.912	2897	6.3317e-002
636	355	20.681	-60.002	93.781	2897	6.4869e-002
636	327	16.622	-60.002	94.271	2897	5.95e-002
637	361	20.96	-60.002	93.988	2897	6.5461e-002
637	355	20.681	-60.002	93.781	2897	6.4869e-002
637	364	21.718	-60.002	93.65	2897	6.6229e-002
638	335	18.091	-60.002	97.687	2898	6.4849e-002
638	350	20.247	-60.002	99.397	2898	6.9556e-002
638	373	22.679	-60.002	97.388	2898	7.111e-002
638	349	20.241	-60.002	96.444	2898	6.6747e-002
639	324	15.789	-60.002	96.237	2898	6.0166e-002
639	348	20.234	-60.002	96.281	2898	6.6582e-002
639	349	20.241	-60.002	96.444	2898	6.6747e-002
639	335	18.091	-60.002	97.687	2898	6.4849e-002
640	381	23.912	-60.002	96.368	2898	7.1893e-002
640	348	20.234	-60.002	96.281	2898	6.6582e-002
640	349	20.241	-60.002	96.444	2898	6.6747e-002
640	373	22.679	-60.002	97.388	2898	7.111e-002
641	103	-22.036	-60.002	106.76	2936	1.2917e-002
641	105	-21.769	-60.002	106.23	2936	1.2722e-002
641	102	-22.122	-60.002	106.15	2936	1.2022e-002
642	102	-22.122	-60.002	106.15	2937	1.2022e-002
642	91	-23.075	-60.002	106.52	2937	1.0875e-002
642	103	-22.036	-60.002	106.76	2937	1.2917e-002
643	461	31.643	-60.002	115.67	2939	0.10085
643	462	31.738	-60.002	118.18	2939	0.10348
643	433	29.307	-60.002	117.02	2939	9.9295e-002
644	461	31.643	-60.002	115.67	2939	0.10085
644	433	29.307	-60.002	117.02	2939	9.9295e-002
644	441	30.106	-60.002	114.71	2939	9.7959e-002
645	461	31.643	-60.002	115.67	2939	0.10085
645	441	30.106	-60.002	114.71	2939	9.7959e-002
645	468	32.472	-60.002	113.97	2939	0.10022
646	461	31.643	-60.002	115.67	2939	0.10085
646	468	32.472	-60.002	113.97	2939	0.10022
646	472	32.707	-60.002	114.07	2939	0.10061
647	461	31.643	-60.002	115.67	2939	0.10085
647	472	32.707	-60.002	114.07	2939	0.10061
647	483	33.527	-60.002	116.05	2939	0.10358
648	461	31.643	-60.002	115.67	2939	0.10085
648	483	33.527	-60.002	116.05	2939	0.10358
648	462	31.738	-60.002	118.18	2939	0.10348
649	455	31.181	-60.002	110.91	2939	9.5593e-002
649	441	30.106	-60.002	114.71	2939	9.7959e-002
649	468	32.472	-60.002	113.97	2939	0.10022
649	474	32.776	-60.002	111.51	2939	9.8212e-002
650	468	32.472	-60.002	113.97	2939	0.10022
650	472	32.707	-60.002	114.07	2939	0.10061
650	494	34.819	-60.002	112.26	2939	0.10154
650	474	32.776	-60.002	111.51	2939	9.8212e-002
651	494	34.819	-60.002	112.26	2939	0.10154
651	502	36.27	-60.002	112.81	2939	0.10391
651	483	33.527	-60.002	116.05	2939	0.10358
651	472	32.707	-60.002	114.07	2939	0.10061
652	433	29.307	-60.002	117.02	2940	9.9295e-002
652	429	29.098	-60.002	115.17	2940	9.7159e-002
652	442	30.106	-60.002	114.71	2940	9.7959e-002
653	455	31.181	-60.002	110.91	2940	9.5593e-002
653	419	28.286	-60.002	111.81	2940	9.2753e-002
653	429	29.098	-60.002	115.17	2940	9.7159e-002
653	442	30.106	-60.002	114.71	2940	9.7959e-002
654	44	-27.943	-60.002	114.68	2949	1.2873e-002
654	48	-27.775	-60.002	111.95	2949	9.7e-003
654	35	-28.71	-60.002	112.78	2949	9.2358e-003
655	44	-27.943	-60.002	114.68	2949	1.2873e-002
655	35	-28.71	-60.002	112.78	2949	9.2358e-003
655	22	-29.37	-60.002	116.16	2949	1.2501e-002
656	44	-27.943	-60.002	114.68	2949	1.2873e-002
656	22	-29.37	-60.002	116.16	2949	1.2501e-002
656	30	-28.817	-60.002	117.28	2949	1.4841e-002
657	44	-27.943	-60.002	114.68	2949	1.2873e-002
657	30	-28.817	-60.002	117.28	2949	1.4841e-002
657	74	-25.046	-60.002	115.23	2949	1.8116e-002
658	44	-27.943	-60.002	114.68	2949	1.2873e-002
658	74	-25.046	-60.002	115.23	2949	1.8116e-002
658	48	-27.775	-60.002	111.95	2949	9.7e-003
659	30	-28.817	-60.002	117.28	2949	1.4841e-002
659	22	-29.37	-60.002	116.16	2949	1.2501e-002
659	21	-29.582	-60.002	117.7	2949	1.4169e-002
660	48	-27.775	-60.002	111.95	2949	9.7e-003
660	43	-28.33	-60.002	111.28	2949	7.9732e-003
660	35	-28.71	-60.002	112.78	2949	9.2358e-003
661	18	-30.194	-60.002	114.06	2950	8.465e-003
661	36	-28.71	-60.002	112.78	2950	9.2356e-003
661	23	-29.37	-60.002	116.16	2950	1.2501e-002
662	16	-30.339	-60.002	112.28	2950	5.9504e-003
662	10	-31.499	-60.002	110.03	2950	1.1917e-003
662	43	-28.33	-60.002	111.28	2950	7.9732e-003
663	16	-30.339	-60.002	112.28	2950	5.9504e-003
663	43	-28.33	-60.002	111.28	2950	7.9732e-003
663	36	-28.71	-60.002	112.78	2950	9.2356e-003
664	16	-30.339	-60.002	112.28	2950	5.9504e-003
664	36	-28.71	-60.002	112.78	2950	9.2356e-003
664	18	-30.194	-60.002	114.06	2950	8.465e-003
665	16	-30.339	-60.002	112.28	2950	5.9504e-003
665	18	-30.194	-60.002	114.06	2950	8.465e-003
665	13	-31.326	-60.002	113.65	2950	6.0931e-003
666	16	-30.339	-60.002	112.28	2950	5.9504e-003
666	13	-31.326	-60.002	113.65	2950	6.0931e-003
666	8	-31.975	-60.002	111.86	2950	2.7192e-003
667	16	-30.339	-60.002	112.28	2950	5.9504e-003
667	8	-31.975	-60.002	111.86	2950	2.7192e-003
667	10	-31.499	-60.002	110.03	2950	1.1917e-003
668	14	-30.967	-60.002	115.49	2950	9.0608e-003
668	1	-32.787	-60.002	116.62	2950	7.5883e-003
668	21	-29.582	-60.002	117.7	2950	1.4169e-002
669	14	-30.967	-60.002	115.49	2950	9.0608e-003
669	21	-29.582	-60.002	117.7	2950	1.4169e-002
669	23	-29.37	-60.002	116.16	2950	1.2501e-002
670	14	-30.967	-60.002	115.49	2950	9.0608e-003
670	23	-29.37	-60.002	116.16	2950	1.2501e-002
670	18	-30.194	-60.002	114.06	2950	8.465e-003
671	14	-30.967	-60.002	115.49	2950	9.0608e-003
671	18	-30.194	-60.002	114.06	2950	8.465e-003
671	13	-31.326	-60.002	113.65	2950	6.0931e-003
672	14	-30.967	-60.002	115.49	2950	9.0608e-003
672	13	-31.326	-60.002	113.65	2950	6.0931e-003
672	3	-32.54	-60.002	114.75	2950	5.5244e-003
673	14	-30.967	-60.002	115.49	2950	9.0608e-003
673	3	-32.54	-60.002	114.75	2950	5.5244e-003
673	1	-32.787	-60.002	116.62	2950	7.5883e-003
674	13	-31.326	-60.002	113.65	2950	6.0931e-003
674	3	-32.54	-60.002	114.75	2950	5.5244e-003
674	8	-31.975	-60.002	111.86	2950	2.7192e-003
675	398	26.099	-60.002	106.83	2983	8.4928e-002
675	417	28.221	-60.002	108.42	2983	8.9319e-002
675	405	27.061	-60.002	108.62	2983	8.7981e-002
676	419	28.286	-60.002	111.81	2983	9.2753e-002
676	405	27.061	-60.002	108.62	2983	8.7981e-002
676	417	28.221	-60.002	108.42	2983	8.9319e-002
676	455	31.181	-60.002	110.91	2983	9.5593e-002
677	425	28.838	-60.002	106.71	2984	8.8473e-002
677	409	27.348	-60.002	104.61	2984	8.4431e-002
677	398	26.099	-60.002	106.83	2984	8.4928e-002
678	425	28.838	-60.002	106.71	2984	8.8473e-002
678	398	26.099	-60.002	106.83	2984	8.4928e-002
678	418	28.221	-60.002	108.42	2984	8.9319e-002
679	425	28.838	-60.002	106.71	2984	8.8473e-002
679	418	28.221	-60.002	108.42	2984	8.9319e-002
679	447	30.47	-60.002	107.67	2984	9.1551e-002
680	425	28.838	-60.002	106.71	2984	8.8473e-002
680	447	30.47	-60.002	107.67	2984	9.1551e-002
680	448	30.654	-60.002	107.38	2984	9.151e-002
681	425	28.838	-60.002	106.71	2984	8.8473e-002
681	448	30.654	-60.002	107.38	2984	9.151e-002
681	443	30.235	-60.002	105.36	2984	8.9017e-002
682	425	28.838	-60.002	106.71	2984	8.8473e-002
682	443	30.235	-60.002	105.36	2984	8.9017e-002
682	409	27.348	-60.002	104.61	2984	8.4431e-002
683	466	32.147	-60.002	109.5	2984	9.5471e-002
683	478	33.39	-60.002	107.69	2984	9.5345e-002
683	448	30.654	-60.002	107.38	2984	9.151e-002
683	447	30.47	-60.002	107.67	2984	9.1551e-002
684	455	31.181	-60.002	110.91	2984	9.5593e-002
684	418	28.221	-60.002	108.42	2984	8.9319e-002
684	447	30.47	-60.002	107.67	2984	9.1551e-002
684	466	32.147	-60.002	109.5	2984	9.5471e-002
685	492	34.264	-60.002	106.4	2984	9.5242e-002
685	443	30.235	-60.002	105.36	2984	8.9017e-002
685	448	30.654	-60.002	107.38	2984	9.151e-002
685	478	33.39	-60.002	107.69	2984	9.5345e-002
